YEAR,NEIGHBORHOOD,RACE/ETHNICITY,AGE,TOTAL NUMBER OF HIV DIAGNOSES,"HIV DIAGNOSES PER 100,000 POPULATION",TOTAL NUMBER OF CONCURRENT HIV/AIDS DIAGNOSES,PROPORTION OF CONCURRENT HIV/AIDS DIAGNOSES AMONG ALL HIV DIAGNOSES,TOTAL NUMBER OF AIDS DIAGNOSES,"AIDS DIAGNOSES PER 100,000 POPULATION",Borough,NEIGHBORHOOD_CLEAN,YEAR,Borough,NEIGHBORHOOD,SEX,RACE/ETHNICITY,TOTAL NUMBER OF HIV DIAGNOSES,"HIV DIAGNOSES PER 100,000 POPULATION",TOTAL NUMBER OF CONCURRENT HIV/AIDS DIAGNOSES,PROPORTION OF CONCURRENT HIV/AIDS DIAGNOSES AMONG ALL HIV DIAGNOSES,TOTAL NUMBER OF AIDS DIAGNOSES,"AIDS DIAGNOSES PER 100,000 POPULATION",NEIGHBORHOOD_CLEAN
2011,Canarsie - Flatlands,Multiracial,50 - 59,0.0,0.0,0.0,0.0,0.0,0.0,,canarsieflatlands,2021,Brooklyn,Canarsie - Flatlands,All,"Asian/Pacific
Islander",1.0,10.2,0.0,0.0,0.0,0.0,canarsieflatlands
2013,Ridgewood - Forest Hills,White,20 - 29,2.0,12.5,0.0,0.0,0.0,0.0,,ridgewoodforesthills,2011,,Ridgewood - Forest Hills,Female,Native American,0.0,0.0,0.0,0.0,0.0,0.0,ridgewoodforesthills
2011,Canarsie - Flatlands,Asian/Pacific Islander,60+,0.0,0.0,0.0,0.0,0.0,0.0,,canarsieflatlands,2018,Brooklyn,Canarsie - Flatlands,Female,Black,16.0,24.8,3.0,18.8,5.0,7.7,canarsieflatlands
2010,Coney Island - Sheepshead Bay,Native American,40 - 49,0.0,0.0,0.0,0.0,0.0,0.0,,coneyislandsheepsheadbay,2021,Brooklyn,"Coney Island -
Sheepshead Bay",Female,All,5.0,3.7,0.0,0.0,5.0,3.7,coneyislandsheepsheadbay
2012,Fresh Meadows,Hispanic,20 - 29,0.0,0.0,0.0,0.0,1.0,47.8,,freshmeadows,2020,Queens,Fresh Meadows,Female,Black,0.0,0.0,0.0,,0.0,0.0,freshmeadows
2011,Unknown,Black,50 - 59,20.0,,3.0,,23.0,,,unknown,2010,,Unknown,Male,Hispanic,65.0,,6.0,,40.0,,unknown
2013,Kingsbridge - Riverdale,White,20 - 29,1.0,24.1,0.0,0.0,0.0,0.0,,kingsbridgeriverdale,2020,Bronx,"Kingsbridge -
Riverdale",All,Other/Unknown,0.0,0.0,0.0,,0.0,0.0,kingsbridgeriverdale
2016,All,Black,"13 -
19",20.0,29.9,0.0,0.0,3.0,4.5,Brooklyn,all,2020,"Staten
Island",All,Male,Latino/Hispanic,4.0,11.2,0.0,0.0,5.0,14.0,all
2013,East New York,Multiracial,50 - 59,0.0,0.0,0.0,0.0,0.0,0.0,,eastnewyork,2020,Brooklyn,East New York,Male,All,49.0,71.7,5.0,10.2,20.0,29.3,eastnewyork
2016,Pelham - Throgs Neck,White,"20 -
29",2.0,32.8,0.0,0.0,0.0,0.0,Bronx,pelhamthrogsneck,2018,Bronx,"Pelham - Throgs
Neck",All,Latino/Hispanic,36.0,27.7,6.0,16.7,20.0,15.4,pelhamthrogsneck
2012,Crotona - Tremont,Hispanic,20 - 29,15.0,61.5,3.0,20.0,10.0,41.0,,crotonatremont,2013,,Crotona - Tremont,Female,Multiracial,0.0,0.0,0.0,0.0,0.0,0.0,crotonatremont
2016,All,Black,"40 -
49",51.0,94.4,17.0,33.3,43.0,79.6,Bronx,all,2016,All,All,Male,Other/Unknown,25.0,46.3,5.0,20.0,12.0,22.2,all
2011,Borough Park,Unknown,30 - 39,0.0,,0.0,,0.0,,,boroughpark,2021,Brooklyn,Borough Park,Male,Other/Unknown,0.0,0.0,0.0,,0.0,0.0,boroughpark
2016,All,Other/Unknown,"30 -
39",1.0,45.1,0.0,0.0,0.0,0.0,Bronx,all,2020,"Staten
Island",All,All,"Asian/Pacific
Islander",3.0,6.4,0.0,0.0,0.0,0.0,all
2010,Central Harlem - Morningside Heights,Black,40 - 49,24.0,173.4,4.0,16.7,17.0,122.8,,centralharlemmorningsideheights,2011,,Central Harlem - Morningside Heights,Male,Asian/Pacific Islander,1.0,31.6,0.0,0.0,1.0,31.6,centralharlemmorningsideheights
2013,Upper Westside,Native American,0 - 19,0.0,0.0,0.0,0.0,0.0,0.0,,upperwestside,2016,Manhattan,Upper West Side,Female,Black,2.0,28.3,1.0,50.0,2.0,28.3,upperwestside
2012,Jamaica,Multiracial,All,0.0,0.0,0.0,0.0,0.0,0.0,,jamaica,2017,Queens,Jamaica,All,Other/Unknown,1.0,14.2,1.0,100.0,1.0,14.2,jamaica
2012,Greenpoint,Multiracial,30 - 39,0.0,0.0,0.0,0.0,0.0,0.0,,greenpoint,2010,,Greenpoint,Female,Hispanic,1.0,6.5,1.0,100.0,3.0,19.5,greenpoint
2012,Southeast Queens,Native American,0 - 19,0.0,0.0,0.0,0.0,0.0,0.0,,southeastqueens,2016,Queens,Southeast Queens,Male,White,0.0,0.0,0.0,,1.0,9.0,southeastqueens
2011,High Bridge - Morrisania,Black,All,69.0,95.6,14.0,20.3,60.0,83.1,,highbridgemorrisania,2018,Bronx,"High Bridge -
Morrisania",Female,All,27.0,29.0,2.0,7.4,35.0,37.5,highbridgemorrisania
2012,West Queens,Native American,30 - 39,0.0,0.0,0.0,0.0,0.0,0.0,,westqueens,2020,Queens,West Queens,Male,"Asian/Pacific
Islander",7.0,14.6,3.0,42.9,3.0,6.2,westqueens
2010,Willowbrook,Black,60+,0.0,0.0,0.0,0.0,0.0,0.0,,willowbrook,2010,,Willowbrook,Male,Asian/Pacific Islander,0.0,0.0,0.0,0.0,0.0,0.0,willowbrook
2010,Pelham - Throgs Neck,Hispanic,All,47.0,31.6,16.0,34.0,48.0,32.3,,pelhamthrogsneck,2021,Bronx,"Pelham - Throgs
Neck",Male,All,40.0,34.0,10.0,25.0,27.0,22.9,pelhamthrogsneck
2011,Hunts Point - Mott Haven,Asian/Pacific Islander,All,0.0,0.0,0.0,0.0,0.0,0.0,,huntspointmotthaven,2020,Bronx,"Hunts Point - Mott
Haven",Male,"Asian/Pacific
Islander",0.0,0.0,0.0,,1.0,189.7,huntspointmotthaven
2016,All,Black,"30 -
39",49.0,86.5,19.0,38.8,40.0,70.6,Bronx,all,2019,All,All,Female,All,334.0,8.9,69.0,20.7,296.0,7.9,all
2011,Upper Eastside,Black,40 - 49,2.0,161.7,1.0,50.0,3.0,242.6,,uppereastside,2021,Manhattan,Upper East Side,Female,White,1.0,1.3,0.0,0.0,1.0,1.3,uppereastside
2010,Hunts Point - Mott Haven,Asian/Pacific Islander,40 - 49,0.0,0.0,0.0,0.0,0.0,0.0,,huntspointmotthaven,2016,Bronx,"Hunts Point - Mott
Haven",Male,Latino/Hispanic,32.0,88.4,3.0,9.4,11.0,30.4,huntspointmotthaven
2013,Pelham - Throgs Neck,Asian/Pacific Islander,0 - 19,0.0,0.0,0.0,0.0,0.0,0.0,,pelhamthrogsneck,2016,Bronx,"Pelham - Throgs
Neck",All,Black,31.0,58.0,5.0,16.1,23.0,43.1,pelhamthrogsneck
2016,All,Other/Unknown,60+,0.0,0.0,0.0,,0.0,0.0,All,all,2018,Brooklyn,All,All,All,536.0,25.1,104.0,19.4,299.0,14.0,all
2011,Washington Heights - Inwood,Black,50 - 59,4.0,91.1,1.0,25.0,3.0,68.3,,washingtonheightsinwood,2010,,Washington Heights - Inwood,Male,Black,34.0,241.1,2.0,5.9,30.0,212.7,washingtonheightsinwood
2012,High Bridge - Morrisania,Native American,0 - 19,0.0,0.0,0.0,0.0,0.0,0.0,,highbridgemorrisania,2017,Bronx,"High Bridge -
Morrisania",Female,Other/Unknown,0.0,0.0,0.0,,1.0,92.7,highbridgemorrisania
2012,South Beach - Tottenville,Unknown,All,0.0,,0.0,,0.0,,,southbeachtottenville,2020,"Staten
Island","South Beach -
Tottenville",Male,Other/Unknown,2.0,218.7,1.0,50.0,1.0,109.3,southbeachtottenville
2012,Greenwich Village - SoHo,Asian/Pacific Islander,20 - 29,0.0,0.0,0.0,0.0,0.0,0.0,,greenwichvillagesoho,2017,Manhattan,"Greenwich Village -
Soho",Female,Other/Unknown,0.0,0.0,0.0,,0.0,0.0,greenwichvillagesoho
2016,All,Latino/Hispanic,"50 -
59",11.0,20.1,1.0,9.1,14.0,25.6,Brooklyn,all,2020,"Staten
Island",All,Female,"Asian/Pacific
Islander",1.0,4.1,0.0,0.0,0.0,0.0,all
2010,South Beach - Tottenville,Unknown,0 - 19,0.0,,0.0,,0.0,,,southbeachtottenville,2020,"Staten
Island","South Beach -
Tottenville",Male,Latino/Hispanic,2.0,20.5,0.0,0.0,2.0,20.5,southbeachtottenville
2010,Bayside - Little Neck,Asian/Pacific Islander,0 - 19,0.0,0.0,0.0,0.0,0.0,0.0,,baysidelittleneck,2019,Queens,Bayside - Little Neck,Female,Black,0.0,0.0,0.0,,0.0,0.0,baysidelittleneck
2012,Jamaica,White,30 - 39,3.0,125.6,1.0,33.3,1.0,41.9,,jamaica,2019,Queens,Jamaica,Male,All,41.0,33.0,5.0,12.2,16.0,12.9,jamaica
2013,Coney Island - Sheepshead Bay,Black,40 - 49,4.0,165.4,1.0,25.0,1.0,41.3,,coneyislandsheepsheadbay,2019,Brooklyn,"Coney Island -
Sheepshead Bay",Male,White,5.0,7.2,0.0,0.0,1.0,1.4,coneyislandsheepsheadbay
2011,Upper Eastside,Black,20 - 29,2.0,152.8,0.0,0.0,0.0,0.0,,uppereastside,2020,Manhattan,Upper East Side,Male,White,5.0,7.7,0.0,0.0,1.0,1.5,uppereastside
2011,Upper Eastside,Unknown,60+,0.0,,0.0,,0.0,,,uppereastside,2021,Manhattan,Upper East Side,All,"Asian/Pacific
Islander",2.0,9.3,1.0,50.0,1.0,4.6,uppereastside
2016,All,Other/Unknown,60+,0.0,0.0,0.0,,0.0,0.0,Brooklyn,all,2016,Bronx,All,All,Latino/Hispanic,231.0,35.7,36.0,15.6,160.0,24.8,all
2010,Willowbrook,Asian/Pacific Islander,30 - 39,0.0,0.0,0.0,0.0,0.0,0.0,,willowbrook,2017,"Staten
Island",Willowbrook,Male,All,3.0,8.2,0.0,0.0,0.0,0.0,willowbrook
2010,Bedford Stuyvesant - Crown Heights,Unknown,All,0.0,,0.0,,0.0,,,bedfordstuyvesantcrownheights,2018,Brooklyn,"Bedford Stuyvesant -
Crown Heights",Female,"Asian/Pacific
Islander",0.0,0.0,0.0,,0.0,0.0,bedfordstuyvesantcrownheights
2012,East Harlem,Native American,All,0.0,0.0,0.0,0.0,0.0,0.0,,eastharlem,2017,Manhattan,East Harlem,Female,Other/Unknown,0.0,0.0,0.0,,0.0,0.0,eastharlem
2013,Borough Park,Asian/Pacific Islander,20 - 29,0.0,0.0,0.0,0.0,0.0,0.0,,boroughpark,2010,,Borough Park,Male,All,22.0,13.0,6.0,27.3,21.0,12.4,boroughpark
2011,Chelsea - Clinton,Black,All,25.0,308.2,4.0,16.0,26.0,320.5,,chelseaclinton,2017,Manhattan,Chelsea - Clinton,Male,Latino/Hispanic,18.0,153.4,2.0,11.1,5.0,42.6,chelseaclinton
2013,Bayside - Little Neck,Black,50 - 59,0.0,0.0,0.0,0.0,0.0,0.0,,baysidelittleneck,2020,Queens,Bayside - Little Neck,Male,"Asian/Pacific
Islander",0.0,0.0,0.0,,0.0,0.0,baysidelittleneck
2011,Chelsea - Clinton,Unknown,20 - 29,0.0,,0.0,,0.0,,,chelseaclinton,2012,,Chelsea - Clinton,Male,Asian/Pacific Islander,8.0,81.3,1.0,12.5,5.0,50.8,chelseaclinton
2010,West Queens,Unknown,0 - 19,0.0,,0.0,,0.0,,,westqueens,2018,Queens,West Queens,Male,Black,4.0,34.2,1.0,25.0,6.0,51.3,westqueens
2012,Pelham - Throgs Neck,Multiracial,50 - 59,0.0,0.0,0.0,0.0,0.0,0.0,,pelhamthrogsneck,2020,Bronx,"Pelham - Throgs
Neck",Female,Latino/Hispanic,2.0,2.7,0.0,0.0,10.0,13.6,pelhamthrogsneck
2012,Willowbrook,White,All,3.0,5.2,0.0,0.0,2.0,3.5,,willowbrook,2021,"Staten
Island",Willowbrook,All,Black,0.0,0.0,0.0,,0.0,0.0,willowbrook
2010,Union Square - Lower Eastside,Black,30 - 39,3.0,201.8,0.0,0.0,6.0,403.5,,unionsquarelowereastside,2017,Manhattan,"Union Square -
Lower East Side",Male,Black,4.0,71.6,0.0,0.0,0.0,0.0,unionsquarelowereastside
2010,Borough Park,Asian/Pacific Islander,All,2.0,2.9,1.0,50.0,1.0,1.4,,boroughpark,2012,,Borough Park,Male,Unknown,0.0,0.0,0.0,0.0,0.0,0.0,boroughpark
2010,Sunset Park,Hispanic,All,22.0,38.4,7.0,31.8,18.0,31.5,,sunsetpark,2011,,Sunset Park,Female,Native American,0.0,0.0,0.0,0.0,0.0,0.0,sunsetpark
2011,Williamsburg - Bushwick,Hispanic,20 - 29,14.0,76.3,1.0,7.1,8.0,43.6,,williamsburgbushwick,2017,Brooklyn,"Williamsburg -
Bushwick",Male,All,74.0,84.8,10.0,13.5,27.0,31.0,williamsburgbushwick
2010,Coney Island - Sheepshead Bay,Asian/Pacific Islander,20 - 29,0.0,0.0,0.0,0.0,0.0,0.0,,coneyislandsheepsheadbay,2018,Brooklyn,"Coney Island -
Sheepshead Bay",Female,All,4.0,3.1,3.0,75.0,5.0,3.8,coneyislandsheepsheadbay
2010,Lower Manhattan,Unknown,50 - 59,0.0,,0.0,,0.0,,,lowermanhattan,2020,Manhattan,Lower Manhattan,Male,"Asian/Pacific
Islander",1.0,18.0,0.0,0.0,0.0,0.0,lowermanhattan
2011,Crotona - Tremont,Native American,60+,0.0,0.0,0.0,0.0,0.0,0.0,,crotonatremont,2020,Bronx,Crotona - Tremont,Female,Black,6.0,23.8,2.0,33.3,7.0,27.7,crotonatremont
2012,West Queens,Asian/Pacific Islander,60+,0.0,0.0,0.0,0.0,0.0,0.0,,westqueens,2019,Queens,West Queens,Female,Latino/Hispanic,10.0,11.2,3.0,30.0,5.0,5.6,westqueens
2012,Kingsbridge - Riverdale,Unknown,40 - 49,0.0,,0.0,,0.0,,,kingsbridgeriverdale,2017,Bronx,"Kingsbridge -
Riverdale",All,All,13.0,16.2,2.0,15.4,4.0,5.0,kingsbridgeriverdale
2010,Bedford Stuyvesant - Crown Heights,Black,40 - 49,45.0,134.8,15.0,33.3,57.0,170.7,,bedfordstuyvesantcrownheights,2021,Brooklyn,"Bedford Stuyvesant -
Crown Heights",All,Black,82.0,48.1,22.0,26.8,53.0,31.1,bedfordstuyvesantcrownheights
2012,Williamsburg - Bushwick,White,30 - 39,2.0,30.8,1.0,50.0,2.0,30.8,,williamsburgbushwick,2019,Brooklyn,"Williamsburg -
Bushwick",Female,Latino/Hispanic,2.0,5.2,1.0,50.0,4.0,10.5,williamsburgbushwick
2013,Bayside - Little Neck,Native American,60+,0.0,0.0,0.0,0.0,0.0,0.0,,baysidelittleneck,2018,Queens,Bayside - Little Neck,All,Black,0.0,0.0,0.0,,0.0,0.0,baysidelittleneck
2011,Long Island City - Astoria,Multiracial,All,0.0,0.0,0.0,0.0,0.0,0.0,,longislandcityastoria,2021,Queens,"Long Island City -
Astoria",Male,Latino/Hispanic,20.0,93.3,3.0,15.0,9.0,42.0,longislandcityastoria
2011,Borough Park,Native American,20 - 29,0.0,0.0,0.0,0.0,0.0,0.0,,boroughpark,2013,,Borough Park,Female,White,2.0,1.9,0.0,0.0,0.0,0.0,boroughpark
2012,Ridgewood - Forest Hills,Multiracial,60+,0.0,0.0,0.0,0.0,0.0,0.0,,ridgewoodforesthills,2017,Queens,"Ridgewood - Forest
Hills",Male,Black,1.0,40.6,0.0,0.0,3.0,121.9,ridgewoodforesthills
2013,Unknown,Asian/Pacific Islander,20 - 29,4.0,,0.0,,0.0,,,unknown,2013,,Unknown,Male,Unknown,0.0,,0.0,,0.0,,unknown
2012,Jamaica,Hispanic,50 - 59,2.0,33.6,1.0,50.0,2.0,33.6,,jamaica,2012,,Jamaica,Female,Hispanic,4.0,15.1,2.0,50.0,2.0,7.6,jamaica
2010,Stapleton - St. George,Asian/Pacific Islander,50 - 59,0.0,0.0,0.0,0.0,0.0,0.0,,stapletonst.george,2020,"Staten
Island","Stapleton - St.
George",Male,All,9.0,17.0,3.0,33.3,9.0,17.0,stapletonst.george
2016,Northeast Bronx,White,"30 -
39",1.0,51.3,0.0,0.0,0.0,0.0,Bronx,northeastbronx,2020,Bronx,Northeast Bronx,Male,White,1.0,13.5,0.0,0.0,0.0,0.0,northeastbronx
2010,Gramercy Park - Murray Hill,Hispanic,0 - 19,2.0,133.6,0.0,0.0,0.0,0.0,,gramercyparkmurrayhill,2019,Manhattan,"Gramercy Park -
Murray Hill",All,Other/Unknown,0.0,0.0,0.0,,0.0,0.0,gramercyparkmurrayhill
2012,Stapleton - St. George,Multiracial,50 - 59,0.0,0.0,0.0,0.0,0.0,0.0,,stapletonst.george,2018,"Staten
Island","Stapleton - St.
George",Female,All,3.0,5.5,0.0,0.0,6.0,11.0,stapletonst.george
2013,Crotona - Tremont,White,20 - 29,0.0,0.0,0.0,0.0,0.0,0.0,,crotonatremont,2021,Bronx,Crotona - Tremont,All,White,3.0,86.8,1.0,33.3,6.0,173.7,crotonatremont
2012,South Beach - Tottenville,Asian/Pacific Islander,40 - 49,0.0,0.0,0.0,0.0,0.0,0.0,,southbeachtottenville,2019,"Staten
Island","South Beach -
Tottenville",Female,All,2.0,2.4,0.0,0.0,1.0,1.2,southbeachtottenville
2012,Bedford Stuyvesant - Crown Heights,Native American,All,0.0,0.0,0.0,0.0,0.0,0.0,,bedfordstuyvesantcrownheights,2016,Brooklyn,"Bedford Stuyvesant -
Crown Heights",Male,White,8.0,28.7,1.0,12.5,1.0,3.6,bedfordstuyvesantcrownheights
2011,Northeast Bronx,White,30 - 39,0.0,0.0,0.0,0.0,0.0,0.0,,northeastbronx,2018,Bronx,Northeast Bronx,All,White,1.0,6.1,1.0,100.0,2.0,12.2,northeastbronx
2010,Washington Heights - Inwood,Hispanic,60+,1.0,3.6,0.0,0.0,3.0,10.9,,washingtonheightsinwood,2020,Manhattan,"Washington Heights -
Inwood",All,"Asian/Pacific
Islander",0.0,0.0,0.0,,1.0,11.4,washingtonheightsinwood
2013,Bayside - Little Neck,Multiracial,60+,0.0,0.0,0.0,0.0,0.0,0.0,,baysidelittleneck,2020,Queens,Bayside - Little Neck,Male,White,0.0,0.0,0.0,,0.0,0.0,baysidelittleneck
2010,East New York,Unknown,40 - 49,0.0,,0.0,,0.0,,,eastnewyork,2021,Brooklyn,East New York,Female,Other/Unknown,0.0,0.0,0.0,,0.0,0.0,eastnewyork
2010,South Beach - Tottenville,Multiracial,0 - 19,0.0,0.0,0.0,0.0,0.0,0.0,,southbeachtottenville,2018,"Staten
Island","South Beach -
Tottenville",Male,"Asian/Pacific
Islander",0.0,0.0,0.0,,0.0,0.0,southbeachtottenville
2016,All,Black,"50 -
59",52.0,46.7,13.0,25.0,45.0,40.4,Brooklyn,all,2020,"Staten
Island",All,Female,White,0.0,0.0,0.0,,0.0,0.0,all
2010,Borough Park,Unknown,30 - 39,0.0,,0.0,,0.0,,,boroughpark,2017,Brooklyn,Borough Park,Male,Black,3.0,58.1,0.0,0.0,0.0,0.0,boroughpark
2011,Willowbrook,Hispanic,50 - 59,0.0,0.0,0.0,0.0,0.0,0.0,,willowbrook,2012,,Willowbrook,Male,White,1.0,3.6,0.0,0.0,1.0,3.6,willowbrook
2012,Rockaway,Native American,20 - 29,0.0,0.0,0.0,0.0,0.0,0.0,,rockaway,2013,,Rockaway,Female,All,4.0,6.6,0.0,0.0,3.0,4.9,rockaway
2012,Lower Manhattan,Asian/Pacific Islander,40 - 49,0.0,0.0,0.0,0.0,0.0,0.0,,lowermanhattan,2019,Manhattan,Lower Manhattan,Female,Black,0.0,0.0,0.0,,0.0,0.0,lowermanhattan
2012,Stapleton - St. George,Native American,60+,0.0,0.0,0.0,0.0,0.0,0.0,,stapletonst.george,2020,"Staten
Island","Stapleton - St.
George",All,Latino/Hispanic,3.0,14.3,0.0,0.0,3.0,14.3,stapletonst.george
2013,Sunset Park,Hispanic,40 - 49,1.0,13.3,0.0,0.0,2.0,26.5,,sunsetpark,2013,,Sunset Park,Female,Unknown,0.0,0.0,0.0,0.0,0.0,0.0,sunsetpark
2013,Coney Island - Sheepshead Bay,Asian/Pacific Islander,60+,0.0,0.0,0.0,0.0,0.0,0.0,,coneyislandsheepsheadbay,2016,Brooklyn,"Coney Island -
Sheepshead Bay",Male,White,12.0,17.3,6.0,50.0,9.0,12.9,coneyislandsheepsheadbay
2013,Bedford Stuyvesant - Crown Heights,Native American,40 - 49,0.0,0.0,0.0,0.0,0.0,0.0,,bedfordstuyvesantcrownheights,2016,Brooklyn,"Bedford Stuyvesant -
Crown Heights",Male,Black,97.0,129.7,22.0,22.7,58.0,77.5,bedfordstuyvesantcrownheights
2011,Northeast Bronx,Multiracial,20 - 29,0.0,0.0,0.0,0.0,0.0,0.0,,northeastbronx,2018,Bronx,Northeast Bronx,All,White,1.0,6.1,1.0,100.0,2.0,12.2,northeastbronx
2013,Fordham - Bronx Park,Unknown,50 - 59,0.0,,0.0,,0.0,,,fordhambronxpark,2018,Bronx,"Fordham - Bronx
Park",All,Black,41.0,85.7,12.0,29.3,31.0,64.8,fordhambronxpark
2011,Southwest Queens,Black,40 - 49,3.0,46.0,2.0,66.7,2.0,30.7,,southwestqueens,2011,,Southwest Queens,Female,Asian/Pacific Islander,2.0,6.1,0.0,0.0,1.0,3.0,southwestqueens
2013,Sunset Park,Black,60+,0.0,0.0,0.0,0.0,0.0,0.0,,sunsetpark,2021,Brooklyn,Sunset Park,Male,Other/Unknown,0.0,0.0,0.0,,0.0,0.0,sunsetpark
2012,Williamsburg - Bushwick,Unknown,30 - 39,0.0,,0.0,,0.0,,,williamsburgbushwick,2012,,Williamsburg - Bushwick,Male,Asian/Pacific Islander,2.0,41.1,0.0,0.0,0.0,0.0,williamsburgbushwick
2010,Fresh Meadows,White,20 - 29,1.0,15.3,0.0,0.0,0.0,0.0,,freshmeadows,2021,Queens,Fresh Meadows,Female,"Asian/Pacific
Islander",0.0,0.0,0.0,,1.0,5.7,freshmeadows
2012,Southeast Queens,White,20 - 29,1.0,42.2,0.0,0.0,1.0,42.2,,southeastqueens,2020,Queens,Southeast Queens,Male,All,17.0,18.9,2.0,11.8,5.0,5.6,southeastqueens
2012,Jamaica,Native American,0 - 19,0.0,0.0,0.0,0.0,0.0,0.0,,jamaica,2021,Queens,Jamaica,Female,"Asian/Pacific
Islander",0.0,0.0,0.0,,1.0,3.3,jamaica
2011,South Beach - Tottenville,Native American,30 - 39,0.0,0.0,0.0,0.0,0.0,0.0,,southbeachtottenville,2016,"Staten
Island","South Beach -
Tottenville",All,"Asian/Pacific
Islander",0.0,0.0,0.0,,0.0,0.0,southbeachtottenville
2011,East Harlem,Native American,30 - 39,0.0,0.0,0.0,0.0,0.0,0.0,,eastharlem,2010,,East Harlem,Male,Multiracial,0.0,0.0,0.0,0.0,0.0,0.0,eastharlem
2010,Lower Manhattan,Native American,50 - 59,0.0,0.0,0.0,0.0,0.0,0.0,,lowermanhattan,2011,,Lower Manhattan,Male,All,12.0,45.3,2.0,16.7,6.0,22.7,lowermanhattan
2012,Stapleton - St. George,Asian/Pacific Islander,40 - 49,1.0,56.7,0.0,0.0,0.0,0.0,,stapletonst.george,2020,"Staten
Island","Stapleton - St.
George",Female,All,2.0,3.5,0.0,0.0,0.0,0.0,stapletonst.george
2011,Bensonhurst - Bay Ridge,Multiracial,20 - 29,0.0,0.0,0.0,0.0,0.0,0.0,,bensonhurstbayridge,2017,Brooklyn,"Bensonhurst - Bay
Ridge",Male,White,7.0,16.5,0.0,0.0,3.0,7.1,bensonhurstbayridge
2010,Jamaica,Multiracial,30 - 39,0.0,0.0,0.0,0.0,0.0,0.0,,jamaica,2017,Queens,Jamaica,Male,Black,34.0,54.5,3.0,8.8,8.0,12.8,jamaica
2013,East Flatbush - Flatbush,White,20 - 29,5.0,76.5,0.0,0.0,1.0,15.3,,eastflatbushflatbush,2012,,East Flatbush - Flatbush,Male,Multiracial,1.0,51.9,0.0,0.0,0.0,0.0,eastflatbushflatbush
2012,Upper Westside,Unknown,20 - 29,0.0,,0.0,,0.0,,,upperwestside,2012,,Upper Westside,Female,Native American,0.0,0.0,0.0,0.0,0.0,0.0,upperwestside
2013,Southeast Queens,White,30 - 39,0.0,0.0,0.0,0.0,0.0,0.0,,southeastqueens,2016,Queens,Southeast Queens,Male,All,23.0,26.9,1.0,4.3,8.0,9.3,southeastqueens
2010,Gramercy Park - Murray Hill,Unknown,60+,0.0,,0.0,,0.0,,,gramercyparkmurrayhill,2012,,Gramercy Park - Murray Hill,Female,Multiracial,1.0,75.9,0.0,0.0,0.0,0.0,gramercyparkmurrayhill
2013,High Bridge - Morrisania,Multiracial,50 - 59,0.0,0.0,0.0,0.0,0.0,0.0,,highbridgemorrisania,2020,Bronx,"High Bridge -
Morrisania",Male,All,49.0,62.4,9.0,18.4,30.0,38.2,highbridgemorrisania
2010,East Flatbush - Flatbush,Unknown,40 - 49,0.0,,0.0,,0.0,,,eastflatbushflatbush,2012,,East Flatbush - Flatbush,Female,Native American,0.0,0.0,0.0,0.0,0.0,0.0,eastflatbushflatbush
2012,Ridgewood - Forest Hills,Hispanic,20 - 29,5.0,47.7,0.0,0.0,0.0,0.0,,ridgewoodforesthills,2013,,Ridgewood - Forest Hills,Male,Asian/Pacific Islander,3.0,15.6,1.0,33.3,1.0,5.2,ridgewoodforesthills
2011,Ridgewood - Forest Hills,Black,40 - 49,0.0,0.0,0.0,0.0,2.0,250.5,,ridgewoodforesthills,2010,,Ridgewood - Forest Hills,Female,Multiracial,0.0,0.0,0.0,0.0,0.0,0.0,ridgewoodforesthills
2012,Greenpoint,Unknown,0 - 19,0.0,,0.0,,0.0,,,greenpoint,2017,Brooklyn,Greenpoint,All,"Asian/Pacific
Islander",1.0,13.4,0.0,0.0,1.0,13.4,greenpoint
2013,Fordham - Bronx Park,White,All,3.0,13.9,0.0,0.0,0.0,0.0,,fordhambronxpark,2013,,Fordham - Bronx Park,Male,Asian/Pacific Islander,1.0,14.8,0.0,0.0,0.0,0.0,fordhambronxpark
2010,Southeast Queens,Multiracial,All,0.0,0.0,0.0,0.0,0.0,0.0,,southeastqueens,2013,,Southeast Queens,Female,All,10.0,9.4,3.0,30.0,8.0,7.5,southeastqueens
2011,Bedford Stuyvesant - Crown Heights,Unknown,30 - 39,0.0,,0.0,,0.0,,,bedfordstuyvesantcrownheights,2020,Brooklyn,"Bedford Stuyvesant -
Crown Heights",All,Black,81.0,48.7,16.0,19.8,43.0,25.9,bedfordstuyvesantcrownheights
2012,Pelham - Throgs Neck,Asian/Pacific Islander,40 - 49,0.0,0.0,0.0,0.0,0.0,0.0,,pelhamthrogsneck,2011,,Pelham - Throgs Neck,All,All,95.0,31.6,21.0,22.1,78.0,26.0,pelhamthrogsneck
2012,Canarsie - Flatlands,Native American,60+,0.0,0.0,0.0,0.0,0.0,0.0,,canarsieflatlands,2011,,Canarsie - Flatlands,Male,Asian/Pacific Islander,0.0,0.0,0.0,0.0,0.0,0.0,canarsieflatlands
2013,Long Island City - Astoria,Unknown,20 - 29,0.0,,0.0,,0.0,,,longislandcityastoria,2016,Queens,"Long Island City -
Astoria",Male,"Asian/Pacific
Islander",5.0,32.2,2.0,40.0,3.0,19.3,longislandcityastoria
2010,Gramercy Park - Murray Hill,Hispanic,0 - 19,2.0,133.6,0.0,0.0,0.0,0.0,,gramercyparkmurrayhill,2013,,Gramercy Park - Murray Hill,Male,Multiracial,0.0,0.0,0.0,0.0,0.0,0.0,gramercyparkmurrayhill
2011,Rockaway,White,50 - 59,1.0,16.6,1.0,100.0,1.0,16.6,,rockaway,2020,Queens,Rockaway,Male,Other/Unknown,0.0,0.0,0.0,,0.0,0.0,rockaway
2010,Fordham - Bronx Park,Multiracial,60+,0.0,0.0,0.0,0.0,0.0,0.0,,fordhambronxpark,2017,Bronx,"Fordham - Bronx
Park",All,All,83.0,38.5,13.0,15.7,52.0,24.1,fordhambronxpark
2011,Lower Manhattan,Hispanic,50 - 59,,,0.0,0.0,0.0,0.0,,lowermanhattan,2013,,Lower Manhattan,Male,Native American,0.0,0.0,0.0,0.0,0.0,0.0,lowermanhattan
2010,Bedford Stuyvesant - Crown Heights,Black,0 - 19,3.0,4.8,0.0,0.0,3.0,4.8,,bedfordstuyvesantcrownheights,2020,Brooklyn,"Bedford Stuyvesant -
Crown Heights",Male,"Asian/Pacific
Islander",0.0,0.0,0.0,,0.0,0.0,bedfordstuyvesantcrownheights
2012,Upper Eastside,Hispanic,50 - 59,1.0,48.7,0.0,0.0,0.0,0.0,,uppereastside,2013,,Upper Eastside,Male,White,14.0,17.7,3.0,21.4,5.0,6.3,uppereastside
2012,Greenpoint,Multiracial,All,1.0,59.4,0.0,0.0,0.0,0.0,,greenpoint,2016,Brooklyn,Greenpoint,Female,Latino/Hispanic,0.0,0.0,0.0,,0.0,0.0,greenpoint
2011,West Queens,Hispanic,All,112.0,44.4,22.0,19.6,65.0,25.8,,westqueens,2020,Queens,West Queens,All,"Asian/Pacific
Islander",8.0,8.0,3.0,37.5,3.0,3.0,westqueens
2012,Greenpoint,Asian/Pacific Islander,30 - 39,0.0,0.0,0.0,0.0,0.0,0.0,,greenpoint,2013,,Greenpoint,Male,Black,6.0,330.0,1.0,16.7,3.0,165.0,greenpoint
2010,Northeast Bronx,Hispanic,30 - 39,4.0,66.1,0.0,0.0,9.0,148.7,,northeastbronx,2020,Bronx,Northeast Bronx,All,All,29.0,17.0,5.0,17.2,26.0,15.3,northeastbronx
2010,Bensonhurst - Bay Ridge,Black,All,2.0,83.4,0.0,0.0,0.0,0.0,,bensonhurstbayridge,2019,Brooklyn,"Bensonhurst - Bay
Ridge",Female,"Asian/Pacific
Islander",0.0,0.0,0.0,,0.0,0.0,bensonhurstbayridge
2010,Upper Eastside,Black,30 - 39,3.0,254.5,1.0,33.3,1.0,84.8,,uppereastside,2017,Manhattan,Upper East Side,Male,White,6.0,9.7,0.0,0.0,7.0,11.3,uppereastside
2012,Hunts Point - Mott Haven,Unknown,50 - 59,0.0,,0.0,,0.0,,,huntspointmotthaven,2017,Bronx,"Hunts Point - Mott
Haven",Male,White,1.0,81.6,0.0,0.0,1.0,81.6,huntspointmotthaven
2011,Fresh Meadows,Multiracial,All,0.0,0.0,0.0,0.0,0.0,0.0,,freshmeadows,2020,Queens,Fresh Meadows,Male,All,3.0,7.3,2.0,66.7,3.0,7.3,freshmeadows
2013,Fordham - Bronx Park,Multiracial,30 - 39,0.0,0.0,0.0,0.0,0.0,0.0,,fordhambronxpark,2017,Bronx,"Fordham - Bronx
Park",All,White,2.0,11.9,0.0,0.0,2.0,11.9,fordhambronxpark
2012,Crotona - Tremont,Hispanic,30 - 39,15.0,80.1,3.0,20.0,7.0,37.4,,crotonatremont,2012,,Crotona - Tremont,Female,Multiracial,0.0,0.0,0.0,0.0,0.0,0.0,crotonatremont
2011,Upper Eastside,Asian/Pacific Islander,40 - 49,1.0,33.3,0.0,0.0,0.0,0.0,,uppereastside,2021,Manhattan,Upper East Side,All,Other/Unknown,0.0,0.0,0.0,,0.0,0.0,uppereastside
2012,Williamsburg - Bushwick,Black,0 - 19,4.0,23.2,0.0,0.0,2.0,11.6,,williamsburgbushwick,2021,Brooklyn,"Williamsburg -
Bushwick",All,White,10.0,22.0,1.0,10.0,1.0,2.2,williamsburgbushwick
2010,Crotona - Tremont,Unknown,40 - 49,0.0,,0.0,,0.0,,,crotonatremont,2016,Bronx,Crotona - Tremont,Female,Black,10.0,38.7,0.0,0.0,10.0,38.7,crotonatremont
2012,East New York,Asian/Pacific Islander,50 - 59,0.0,0.0,0.0,0.0,0.0,0.0,,eastnewyork,2012,,East New York,Female,Multiracial,0.0,0.0,0.0,0.0,0.0,0.0,eastnewyork
2016,Crotona - Tremont,Other/Unknown,"40 -
49",0.0,0.0,0.0,,,,Bronx,crotonatremont,2021,Bronx,Crotona - Tremont,All,"Asian/Pacific
Islander",1.0,27.3,1.0,100.0,1.0,27.3,crotonatremont
2010,Rockaway,White,20 - 29,1.0,22.6,0.0,0.0,0.0,0.0,,rockaway,2010,,Rockaway,Female,Multiracial,0.0,0.0,0.0,0.0,0.0,0.0,rockaway
2013,High Bridge - Morrisania,Unknown,0 - 19,0.0,,0.0,,0.0,,,highbridgemorrisania,2017,Bronx,"High Bridge -
Morrisania",Female,Other/Unknown,0.0,0.0,0.0,,1.0,92.7,highbridgemorrisania
2012,Greenwich Village - SoHo,Hispanic,60+,0.0,0.0,0.0,0.0,0.0,0.0,,greenwichvillagesoho,2020,Manhattan,"Greenwich Village -
Soho",Female,Other/Unknown,0.0,0.0,0.0,,0.0,0.0,greenwichvillagesoho
2011,Port Richmond,Multiracial,40 - 49,0.0,0.0,0.0,0.0,0.0,0.0,,portrichmond,2019,"Staten
Island",Port Richmond,All,White,2.0,11.5,1.0,50.0,2.0,11.5,portrichmond
2010,Long Island City - Astoria,Native American,30 - 39,0.0,0.0,0.0,0.0,0.0,0.0,,longislandcityastoria,2012,,Long Island City - Astoria,Male,Multiracial,0.0,0.0,0.0,0.0,0.0,0.0,longislandcityastoria
2010,Bedford Stuyvesant - Crown Heights,All,All,212.0,66.3,48.0,22.6,203.0,63.5,,bedfordstuyvesantcrownheights,2018,Brooklyn,"Bedford Stuyvesant -
Crown Heights",Male,Other/Unknown,1.0,47.3,0.0,0.0,0.0,0.0,bedfordstuyvesantcrownheights
2016,Fordham - Bronx Park,All,"20 -
29",34.0,70.2,4.0,11.8,14.0,28.9,Bronx,fordhambronxpark,2018,Bronx,"Fordham - Bronx
Park",Female,Black,10.0,39.0,4.0,40.0,9.0,35.1,fordhambronxpark
2011,Canarsie - Flatlands,White,60+,1.0,7.0,0.0,0.0,0.0,0.0,,canarsieflatlands,2010,,Canarsie - Flatlands,Female,Black,21.0,29.9,8.0,38.1,21.0,29.9,canarsieflatlands
2013,Southeast Queens,Unknown,20 - 29,0.0,,0.0,,0.0,,,southeastqueens,2012,,Southeast Queens,Male,Hispanic,5.0,44.3,1.0,20.0,2.0,17.7,southeastqueens
2013,East Harlem,White,30 - 39,2.0,70.9,0.0,0.0,1.0,35.4,,eastharlem,2020,Manhattan,East Harlem,All,White,0.0,0.0,0.0,,1.0,7.0,eastharlem
2011,South Beach - Tottenville,Hispanic,20 - 29,0.0,0.0,0.0,0.0,0.0,0.0,,southbeachtottenville,2012,,South Beach - Tottenville,Male,Hispanic,0.0,0.0,0.0,0.0,0.0,0.0,southbeachtottenville
2010,East New York,White,0 - 19,1.0,141.6,0.0,0.0,0.0,0.0,,eastnewyork,2011,,East New York,Male,White,6.0,323.3,1.0,16.7,2.0,107.8,eastnewyork
2011,Coney Island - Sheepshead Bay,White,20 - 29,0.0,0.0,0.0,0.0,1.0,4.2,,coneyislandsheepsheadbay,2020,Brooklyn,"Coney Island -
Sheepshead Bay",Male,Black,4.0,61.6,2.0,50.0,4.0,61.6,coneyislandsheepsheadbay
2011,Downtown - Heights - Park Slope,Black,40 - 49,5.0,97.6,2.0,40.0,2.0,39.0,,downtownheightsparkslope,2011,,Downtown - Heights - Park Slope,Female,Multiracial,0.0,0.0,0.0,0.0,0.0,0.0,downtownheightsparkslope
2012,Pelham - Throgs Neck,Unknown,40 - 49,0.0,,0.0,,0.0,,,pelhamthrogsneck,2017,Bronx,"Pelham - Throgs
Neck",All,Other/Unknown,0.0,0.0,0.0,,1.0,30.3,pelhamthrogsneck
2011,Long Island City - Astoria,Multiracial,30 - 39,0.0,0.0,0.0,0.0,0.0,0.0,,longislandcityastoria,2020,Queens,"Long Island City -
Astoria",Female,All,4.0,4.2,1.0,25.0,1.0,1.1,longislandcityastoria
2010,Jamaica,White,60+,0.0,0.0,0.0,0.0,0.0,0.0,,jamaica,2019,Queens,Jamaica,Female,All,14.0,9.8,6.0,42.9,13.0,9.1,jamaica
2013,Greenpoint,Asian/Pacific Islander,50 - 59,0.0,0.0,0.0,0.0,0.0,0.0,,greenpoint,2011,,Greenpoint,Male,Hispanic,8.0,57.2,0.0,0.0,4.0,28.6,greenpoint
2010,Washington Heights - Inwood,Unknown,30 - 39,0.0,,0.0,,0.0,,,washingtonheightsinwood,2019,Manhattan,"Washington Heights -
Inwood",Male,Other/Unknown,0.0,0.0,0.0,,0.0,0.0,washingtonheightsinwood
2013,Bedford Stuyvesant - Crown Heights,Black,0 - 19,3.0,5.1,0.0,0.0,3.0,5.1,,bedfordstuyvesantcrownheights,2017,Brooklyn,"Bedford Stuyvesant -
Crown Heights",Male,All,101.0,80.7,25.0,24.8,66.0,52.8,bedfordstuyvesantcrownheights
2011,East Harlem,Black,0 - 19,0.0,0.0,0.0,0.0,1.0,12.3,,eastharlem,2010,,East Harlem,Male,Black,25.0,173.1,5.0,20.0,20.0,138.5,eastharlem
2011,Unknown,Hispanic,0 - 19,10.0,,0.0,,1.0,,,unknown,2011,,Unknown,Male,Native American,0.0,,0.0,,0.0,,unknown
2010,East New York,Native American,50 - 59,0.0,0.0,0.0,0.0,0.0,0.0,,eastnewyork,2011,,East New York,Male,Hispanic,13.0,37.3,5.0,38.5,15.0,43.0,eastnewyork
2011,Bedford Stuyvesant - Crown Heights,Asian/Pacific Islander,30 - 39,2.0,125.1,0.0,0.0,1.0,62.5,,bedfordstuyvesantcrownheights,2018,Brooklyn,"Bedford Stuyvesant -
Crown Heights",All,Other/Unknown,1.0,19.0,0.0,0.0,0.0,0.0,bedfordstuyvesantcrownheights
2011,Rockaway,Multiracial,40 - 49,0.0,0.0,0.0,0.0,0.0,0.0,,rockaway,2011,,Rockaway,Male,Asian/Pacific Islander,0.0,0.0,0.0,0.0,0.0,0.0,rockaway
2010,Ridgewood - Forest Hills,Hispanic,30 - 39,6.0,51.9,1.0,16.7,5.0,43.2,,ridgewoodforesthills,2012,,Ridgewood - Forest Hills,Male,Native American,0.0,0.0,0.0,0.0,0.0,0.0,ridgewoodforesthills
2013,Northeast Bronx,Unknown,20 - 29,0.0,,0.0,,0.0,,,northeastbronx,2021,Bronx,Northeast Bronx,Male,Other/Unknown,1.0,80.6,0.0,0.0,0.0,0.0,northeastbronx
2016,All,All,"30 -
39",595.0,44.6,98.0,16.5,332.0,24.9,All,all,2020,Brooklyn,All,Female,All,89.0,7.9,25.0,28.1,74.0,6.6,all
2012,Bedford Stuyvesant - Crown Heights,Multiracial,60+,0.0,0.0,0.0,0.0,0.0,0.0,,bedfordstuyvesantcrownheights,2013,,Bedford Stuyvesant - Crown Heights,Female,Asian/Pacific Islander,0.0,0.0,0.0,0.0,0.0,0.0,bedfordstuyvesantcrownheights
2012,East New York,White,30 - 39,0.0,0.0,0.0,0.0,0.0,0.0,,eastnewyork,2017,Brooklyn,East New York,Male,All,65.0,92.1,13.0,20.0,36.0,51.0,eastnewyork
2011,Stapleton - St. George,Black,20 - 29,3.0,86.0,2.0,66.7,3.0,86.0,,stapletonst.george,2017,"Staten
Island","Stapleton - St.
George",Male,"Asian/Pacific
Islander",0.0,0.0,0.0,,0.0,0.0,stapletonst.george
2012,Long Island City - Astoria,Black,60+,1.0,56.0,0.0,0.0,1.0,56.0,,longislandcityastoria,2021,Queens,"Long Island City -
Astoria",Female,"Asian/Pacific
Islander",0.0,0.0,0.0,,0.0,0.0,longislandcityastoria
2012,Flushing - Clearview,Asian/Pacific Islander,30 - 39,0.0,0.0,0.0,0.0,1.0,4.8,,flushingclearview,2013,,Flushing - Clearview,Male,Hispanic,11.0,52.3,1.0,9.1,2.0,9.5,flushingclearview
2010,Ridgewood - Forest Hills,Native American,20 - 29,0.0,0.0,0.0,0.0,0.0,0.0,,ridgewoodforesthills,2016,Queens,"Ridgewood - Forest
Hills",All,All,40.0,17.7,6.0,15.0,19.0,8.4,ridgewoodforesthills
2010,Borough Park,Black,40 - 49,0.0,0.0,0.0,0.0,0.0,0.0,,boroughpark,2012,,Borough Park,All,All,34.0,9.8,4.0,11.8,22.0,6.4,boroughpark
2013,Southwest Queens,Unknown,60+,0.0,,0.0,,0.0,,,southwestqueens,2018,Queens,Southwest Queens,All,White,5.0,10.3,1.0,20.0,1.0,2.1,southwestqueens
2016,All,Other/Unknown,"30 -
39",2.0,25.6,1.0,50.0,1.0,12.8,Brooklyn,all,2021,All,All,Female,Other/Unknown,4.0,5.7,1.0,25.0,4.0,5.7,all
2013,Southwest Queens,Unknown,0 - 19,0.0,,0.0,,0.0,,,southwestqueens,2017,Queens,Southwest Queens,All,Black,13.0,52.7,4.0,30.8,8.0,32.5,southwestqueens
2013,Washington Heights - Inwood,Asian/Pacific Islander,50 - 59,0.0,0.0,0.0,0.0,0.0,0.0,,washingtonheightsinwood,2010,,Washington Heights - Inwood,Male,Black,34.0,241.1,2.0,5.9,30.0,212.7,washingtonheightsinwood
2012,Port Richmond,Unknown,20 - 29,0.0,,0.0,,0.0,,,portrichmond,2012,,Port Richmond,Male,Asian/Pacific Islander,0.0,0.0,0.0,0.0,0.0,0.0,portrichmond
2010,West Queens,White,60+,2.0,8.6,1.0,50.0,2.0,8.6,,westqueens,2020,Queens,West Queens,Male,White,8.0,27.2,2.0,25.0,3.0,10.2,westqueens
2011,Southwest Queens,Multiracial,All,0.0,0.0,0.0,0.0,0.0,0.0,,southwestqueens,2020,Queens,Southwest Queens,Female,Latino/Hispanic,2.0,4.8,0.0,0.0,0.0,0.0,southwestqueens
2011,Gramercy Park - Murray Hill,Hispanic,50 - 59,0.0,0.0,0.0,0.0,0.0,0.0,,gramercyparkmurrayhill,2012,,Gramercy Park - Murray Hill,Female,Asian/Pacific Islander,0.0,0.0,0.0,0.0,0.0,0.0,gramercyparkmurrayhill
2011,West Queens,Black,All,18.0,60.9,4.0,22.2,26.0,87.9,,westqueens,2020,Queens,West Queens,All,Latino/Hispanic,58.0,28.7,16.0,27.6,28.0,13.9,westqueens
2011,Northeast Bronx,Native American,20 - 29,0.0,0.0,0.0,0.0,0.0,0.0,,northeastbronx,2017,Bronx,Northeast Bronx,Female,"Asian/Pacific
Islander",0.0,0.0,0.0,,0.0,0.0,northeastbronx
2010,Bensonhurst - Bay Ridge,White,50 - 59,1.0,5.3,1.0,100.0,4.0,21.3,,bensonhurstbayridge,2020,Brooklyn,"Bensonhurst - Bay
Ridge",Female,"Asian/Pacific
Islander",0.0,0.0,0.0,,0.0,0.0,bensonhurstbayridge
2013,East New York,Hispanic,0 - 19,1.0,4.1,0.0,0.0,0.0,0.0,,eastnewyork,2018,Brooklyn,East New York,All,White,2.0,31.5,0.0,0.0,0.0,0.0,eastnewyork
2010,Coney Island - Sheepshead Bay,Native American,30 - 39,0.0,0.0,0.0,0.0,0.0,0.0,,coneyislandsheepsheadbay,2020,Brooklyn,"Coney Island -
Sheepshead Bay",All,All,18.0,7.4,6.0,33.3,14.0,5.8,coneyislandsheepsheadbay
2013,Bensonhurst - Bay Ridge,Asian/Pacific Islander,60+,0.0,0.0,0.0,0.0,0.0,0.0,,bensonhurstbayridge,2019,Brooklyn,"Bensonhurst - Bay
Ridge",Female,All,3.0,3.3,0.0,0.0,4.0,4.5,bensonhurstbayridge
2013,Chelsea - Clinton,Asian/Pacific Islander,50 - 59,1.0,55.2,1.0,100.0,1.0,55.2,,chelseaclinton,2019,Manhattan,Chelsea - Clinton,Female,"Asian/Pacific
Islander",0.0,0.0,0.0,,0.0,0.0,chelseaclinton
2011,Borough Park,Black,50 - 59,0.0,0.0,0.0,0.0,1.0,42.3,,boroughpark,2016,Brooklyn,Borough Park,All,Latino/Hispanic,4.0,11.9,2.0,50.0,5.0,14.9,boroughpark
2013,Pelham - Throgs Neck,Black,40 - 49,8.0,87.5,1.0,12.5,11.0,120.4,,pelhamthrogsneck,2016,Bronx,"Pelham - Throgs
Neck",Female,Black,8.0,27.0,1.0,12.5,7.0,23.7,pelhamthrogsneck
2016,All,White,60+,26.0,3.8,6.0,23.1,26.0,3.8,All,all,2020,Queens,All,Male,Latino/Hispanic,112.0,40.0,28.0,25.0,55.0,19.6,all
2012,Greenwich Village - SoHo,Native American,20 - 29,0.0,0.0,0.0,0.0,0.0,0.0,,greenwichvillagesoho,2011,,Greenwich Village - SoHo,Female,Multiracial,0.0,0.0,0.0,0.0,0.0,0.0,greenwichvillagesoho
2011,Bayside - Little Neck,Native American,0 - 19,0.0,0.0,0.0,0.0,0.0,0.0,,baysidelittleneck,2013,,Bayside - Little Neck,Male,White,1.0,5.3,1.0,100.0,1.0,5.3,baysidelittleneck
2013,Unknown,Black,40 - 49,22.0,,5.0,,26.0,,,unknown,2013,,Unknown,Female,Unknown,0.0,,0.0,,0.0,,unknown
2010,Bayside - Little Neck,Unknown,All,0.0,,0.0,,0.0,,,baysidelittleneck,2018,Queens,Bayside - Little Neck,All,Other/Unknown,0.0,0.0,0.0,,0.0,0.0,baysidelittleneck
2010,Bensonhurst - Bay Ridge,Unknown,All,0.0,,0.0,,0.0,,,bensonhurstbayridge,2020,Brooklyn,"Bensonhurst - Bay
Ridge",All,Other/Unknown,0.0,0.0,0.0,,0.0,0.0,bensonhurstbayridge
2012,Kingsbridge - Riverdale,Multiracial,40 - 49,0.0,0.0,0.0,0.0,0.0,0.0,,kingsbridgeriverdale,2012,,Kingsbridge - Riverdale,Female,Hispanic,2.0,9.7,0.0,0.0,1.0,4.9,kingsbridgeriverdale
2013,South Beach - Tottenville,Black,50 - 59,0.0,0.0,0.0,0.0,0.0,0.0,,southbeachtottenville,2011,,South Beach - Tottenville,Male,Hispanic,1.0,11.6,0.0,0.0,2.0,23.1,southbeachtottenville
2016,Kingsbridge - Riverdale,White,60+,0.0,0.0,0.0,,0.0,0.0,Bronx,kingsbridgeriverdale,2013,,Kingsbridge - Riverdale,Female,Native American,0.0,0.0,0.0,0.0,0.0,0.0,kingsbridgeriverdale
2013,Rockaway,Hispanic,20 - 29,3.0,79.9,0.0,0.0,1.0,26.6,,rockaway,2018,Queens,Rockaway,Male,White,1.0,5.8,0.0,0.0,0.0,0.0,rockaway
2013,Downtown - Heights - Park Slope,White,All,16.0,12.2,2.0,12.5,6.0,4.6,,downtownheightsparkslope,2010,,Downtown - Heights - Park Slope,Male,White,15.0,24.1,4.0,26.7,9.0,14.5,downtownheightsparkslope
2013,Kingsbridge - Riverdale,Asian/Pacific Islander,0 - 19,0.0,0.0,0.0,0.0,0.0,0.0,,kingsbridgeriverdale,2016,Bronx,"Kingsbridge -
Riverdale",Female,All,3.0,6.7,1.0,33.3,1.0,2.2,kingsbridgeriverdale
2010,Upper Westside,Native American,40 - 49,0.0,0.0,0.0,0.0,0.0,0.0,,upperwestside,2012,,Upper Westside,Male,White,18.0,25.5,8.0,44.4,16.0,22.7,upperwestside
2010,Gramercy Park - Murray Hill,Asian/Pacific Islander,60+,0.0,0.0,0.0,0.0,0.0,0.0,,gramercyparkmurrayhill,2018,Manhattan,"Gramercy Park -
Murray Hill",Male,All,6.0,10.3,2.0,33.3,10.0,17.2,gramercyparkmurrayhill
2011,Willowbrook,Unknown,30 - 39,0.0,,0.0,,0.0,,,willowbrook,2018,"Staten
Island",Willowbrook,Male,Latino/Hispanic,1.0,19.5,0.0,0.0,1.0,19.5,willowbrook
2012,Union Square - Lower Eastside,Black,50 - 59,2.0,110.1,1.0,50.0,5.0,275.3,,unionsquarelowereastside,2013,,Union Square - Lower Eastside,Female,Hispanic,6.0,26.0,3.0,50.0,5.0,21.7,unionsquarelowereastside
2010,Fresh Meadows,White,0 - 19,0.0,0.0,0.0,0.0,0.0,0.0,,freshmeadows,2011,,Fresh Meadows,Male,Unknown,0.0,0.0,0.0,0.0,0.0,0.0,freshmeadows
2010,Fresh Meadows,Multiracial,20 - 29,0.0,0.0,0.0,0.0,0.0,0.0,,freshmeadows,2020,Queens,Fresh Meadows,Male,White,0.0,0.0,0.0,,0.0,0.0,freshmeadows
2013,Coney Island - Sheepshead Bay,White,40 - 49,1.0,4.2,0.0,0.0,2.0,8.5,,coneyislandsheepsheadbay,2012,,Coney Island - Sheepshead Bay,Female,Black,2.0,17.5,1.0,50.0,2.0,17.5,coneyislandsheepsheadbay
2011,Sunset Park,Native American,20 - 29,0.0,0.0,0.0,0.0,0.0,0.0,,sunsetpark,2020,Brooklyn,Sunset Park,Female,Other/Unknown,0.0,0.0,0.0,,0.0,0.0,sunsetpark
2011,Jamaica,Unknown,50 - 59,0.0,,0.0,,0.0,,,jamaica,2020,Queens,Jamaica,Male,Black,21.0,32.1,4.0,19.0,12.0,18.3,jamaica
2013,Upper Eastside,Multiracial,50 - 59,0.0,0.0,0.0,0.0,0.0,0.0,,uppereastside,2020,Manhattan,Upper East Side,Female,Latino/Hispanic,1.0,9.2,0.0,0.0,0.0,0.0,uppereastside
2016,All,Other/Unknown,"30 -
39",1.0,45.1,0.0,0.0,0.0,0.0,Bronx,all,2021,Bronx,All,All,Other/Unknown,2.0,14.6,0.0,0.0,3.0,21.9,all
2013,Unknown,Asian/Pacific Islander,60+,1.0,,0.0,,1.0,,,unknown,2011,,Unknown,Female,Asian/Pacific Islander,0.0,,0.0,,0.0,,unknown
2016,All,Other/Unknown,"20 -
29",14.0,50.1,4.0,28.6,4.0,14.3,All,all,2019,All,All,Female,Other/Unknown,3.0,4.5,2.0,66.7,3.0,4.5,all
2011,Lower Manhattan,White,30 - 39,5.0,59.9,1.0,20.0,1.0,12.0,,lowermanhattan,2016,Manhattan,Lower Manhattan,Female,All,1.0,3.5,1.0,100.0,1.0,3.5,lowermanhattan
2013,East Harlem,Native American,30 - 39,0.0,0.0,0.0,0.0,0.0,0.0,,eastharlem,2017,Manhattan,East Harlem,All,Black,17.0,58.6,2.0,11.8,16.0,55.1,eastharlem
2010,Ridgewood - Forest Hills,Hispanic,0 - 19,2.0,10.4,0.0,0.0,0.0,0.0,,ridgewoodforesthills,2012,,Ridgewood - Forest Hills,Female,Unknown,0.0,0.0,0.0,0.0,0.0,0.0,ridgewoodforesthills
2011,Fordham - Bronx Park,Asian/Pacific Islander,50 - 59,0.0,0.0,0.0,0.0,0.0,0.0,,fordhambronxpark,2012,,Fordham - Bronx Park,Male,Unknown,0.0,0.0,0.0,0.0,0.0,0.0,fordhambronxpark
2010,Southwest Queens,Asian/Pacific Islander,40 - 49,1.0,9.2,0.0,0.0,1.0,9.2,,southwestqueens,2012,,Southwest Queens,Male,Multiracial,0.0,0.0,0.0,0.0,0.0,0.0,southwestqueens
2010,East Harlem,White,0 - 19,0.0,0.0,0.0,0.0,0.0,0.0,,eastharlem,2020,Manhattan,East Harlem,Female,All,8.0,15.4,2.0,25.0,10.0,19.2,eastharlem
2012,Kingsbridge - Riverdale,Hispanic,All,11.0,29.5,3.0,27.3,10.0,26.8,,kingsbridgeriverdale,2021,Bronx,"Kingsbridge -
Riverdale",All,Other/Unknown,0.0,0.0,0.0,,0.0,0.0,kingsbridgeriverdale
2010,Gramercy Park - Murray Hill,White,All,33.0,33.9,4.0,12.1,19.0,19.5,,gramercyparkmurrayhill,2020,Manhattan,"Gramercy Park -
Murray Hill",Male,Latino/Hispanic,4.0,64.1,0.0,0.0,2.0,32.1,gramercyparkmurrayhill
2011,Williamsburg - Bushwick,Asian/Pacific Islander,0 - 19,0.0,0.0,0.0,0.0,0.0,0.0,,williamsburgbushwick,2020,Brooklyn,"Williamsburg -
Bushwick",Female,Black,8.0,29.6,4.0,50.0,7.0,25.9,williamsburgbushwick
2011,Lower Manhattan,White,50 - 59,0.0,0.0,0.0,0.0,0.0,0.0,,lowermanhattan,2021,Manhattan,Lower Manhattan,All,All,4.0,7.7,1.0,25.0,5.0,9.6,lowermanhattan
2016,Kingsbridge - Riverdale,Black,"13 -
19",0.0,0.0,0.0,,0.0,0.0,Bronx,kingsbridgeriverdale,2020,Bronx,"Kingsbridge -
Riverdale",Female,All,0.0,0.0,0.0,,0.0,0.0,kingsbridgeriverdale
2016,All,Black,60+,45.0,12.2,12.0,26.7,69.0,18.7,All,all,2021,Queens,All,Female,Black,25.0,12.7,7.0,28.0,18.0,9.1,all
2012,High Bridge - Morrisania,Native American,20 - 29,0.0,0.0,0.0,0.0,0.0,0.0,,highbridgemorrisania,2013,,High Bridge - Morrisania,Female,Multiracial,0.0,0.0,0.0,0.0,0.0,0.0,highbridgemorrisania
2013,High Bridge - Morrisania,Unknown,0 - 19,0.0,,0.0,,0.0,,,highbridgemorrisania,2018,Bronx,"High Bridge -
Morrisania",All,White,2.0,53.7,0.0,0.0,2.0,53.7,highbridgemorrisania
2012,Borough Park,Multiracial,0 - 19,0.0,0.0,0.0,0.0,0.0,0.0,,boroughpark,2020,Brooklyn,Borough Park,All,Black,1.0,9.0,0.0,0.0,2.0,18.0,boroughpark
2010,Chelsea - Clinton,Hispanic,30 - 39,18.0,483.3,4.0,22.2,11.0,295.3,,chelseaclinton,2010,,Chelsea - Clinton,Female,Native American,0.0,0.0,0.0,0.0,0.0,0.0,chelseaclinton
2016,All,"Asian/Pacific
Islander","13 -
19",3.0,3.7,0.0,0.0,0.0,0.0,All,all,2021,"Staten
Island",All,All,Latino/Hispanic,10.0,13.6,3.0,30.0,10.0,13.6,all
2010,Williamsburg - Bushwick,Hispanic,0 - 19,2.0,6.2,0.0,0.0,1.0,3.1,,williamsburgbushwick,2013,,Williamsburg - Bushwick,Female,All,20.0,18.2,7.0,35.0,20.0,18.2,williamsburgbushwick
2011,Northeast Bronx,Multiracial,50 - 59,0.0,0.0,0.0,0.0,0.0,0.0,,northeastbronx,2019,Bronx,Northeast Bronx,Male,White,0.0,0.0,0.0,,1.0,13.1,northeastbronx
2013,Pelham - Throgs Neck,Asian/Pacific Islander,30 - 39,1.0,26.3,0.0,0.0,0.0,0.0,,pelhamthrogsneck,2020,Bronx,"Pelham - Throgs
Neck",All,Black,25.0,48.6,5.0,20.0,14.0,27.2,pelhamthrogsneck
2011,West Queens,Black,40 - 49,4.0,80.6,2.0,50.0,14.0,282.1,,westqueens,2013,,West Queens,All,All,145.0,28.7,38.0,26.2,89.0,17.6,westqueens
2012,Downtown - Heights - Park Slope,White,20 - 29,6.0,24.1,0.0,0.0,0.0,0.0,,downtownheightsparkslope,2019,Brooklyn,"Downtown - Heights -
Park Slope",Male,Black,10.0,74.8,1.0,10.0,4.0,29.9,downtownheightsparkslope
2011,Port Richmond,Asian/Pacific Islander,20 - 29,0.0,0.0,0.0,0.0,0.0,0.0,,portrichmond,2017,"Staten
Island",Port Richmond,All,White,1.0,5.6,0.0,0.0,0.0,0.0,portrichmond
2012,Hunts Point - Mott Haven,Black,20 - 29,14.0,233.9,2.0,14.3,7.0,117.0,,huntspointmotthaven,2018,Bronx,"Hunts Point - Mott
Haven",Male,"Asian/Pacific
Islander",0.0,0.0,0.0,,0.0,0.0,huntspointmotthaven
2011,Jamaica,Unknown,20 - 29,0.0,,0.0,,0.0,,,jamaica,2019,Queens,Jamaica,Female,Black,11.0,14.2,4.0,36.4,8.0,10.3,jamaica
2011,Stapleton - St. George,White,30 - 39,1.0,14.2,0.0,0.0,0.0,0.0,,stapletonst.george,2020,"Staten
Island","Stapleton - St.
George",All,White,2.0,3.7,2.0,100.0,4.0,7.4,stapletonst.george
2013,Canarsie - Flatlands,Black,60+,3.0,15.0,1.0,33.3,2.0,10.0,,canarsieflatlands,2020,Brooklyn,Canarsie - Flatlands,Female,"Asian/Pacific
Islander",0.0,0.0,0.0,,0.0,0.0,canarsieflatlands
2011,Greenpoint,White,50 - 59,0.0,0.0,0.0,0.0,0.0,0.0,,greenpoint,2010,,Greenpoint,Male,Multiracial,0.0,0.0,0.0,0.0,0.0,0.0,greenpoint
2011,Hunts Point - Mott Haven,Unknown,All,0.0,,0.0,,0.0,,,huntspointmotthaven,2018,Bronx,"Hunts Point - Mott
Haven",Female,Black,2.0,12.4,0.0,0.0,7.0,43.3,huntspointmotthaven
2012,Sunset Park,Black,60+,0.0,0.0,0.0,0.0,0.0,0.0,,sunsetpark,2019,Brooklyn,Sunset Park,Female,Latino/Hispanic,1.0,5.1,0.0,0.0,0.0,0.0,sunsetpark
2010,Crotona - Tremont,Hispanic,60+,2.0,13.8,0.0,0.0,4.0,27.6,,crotonatremont,2019,Bronx,Crotona - Tremont,Female,White,2.0,140.6,0.0,0.0,1.0,70.3,crotonatremont
2013,Canarsie - Flatlands,White,30 - 39,0.0,0.0,0.0,0.0,0.0,0.0,,canarsieflatlands,2013,,Canarsie - Flatlands,Female,Native American,0.0,0.0,0.0,0.0,0.0,0.0,canarsieflatlands
2011,Jamaica,Hispanic,0 - 19,1.0,6.5,0.0,0.0,1.0,6.5,,jamaica,2021,Queens,Jamaica,All,White,3.0,15.4,1.0,33.3,1.0,5.1,jamaica
2011,East New York,Hispanic,All,20.0,27.3,7.0,35.0,25.0,34.2,,eastnewyork,2013,,East New York,Male,White,2.0,105.5,0.0,0.0,0.0,0.0,eastnewyork
2010,Greenpoint,Black,60+,0.0,0.0,0.0,0.0,0.0,0.0,,greenpoint,2018,Brooklyn,Greenpoint,All,All,11.0,9.3,3.0,27.3,11.0,9.3,greenpoint
2012,Bayside - Little Neck,Multiracial,20 - 29,0.0,0.0,0.0,0.0,0.0,0.0,,baysidelittleneck,2019,Queens,Bayside - Little Neck,All,White,0.0,0.0,0.0,,0.0,0.0,baysidelittleneck
2011,Sunset Park,Hispanic,0 - 19,1.0,5.9,0.0,0.0,0.0,0.0,,sunsetpark,2020,Brooklyn,Sunset Park,Female,Other/Unknown,0.0,0.0,0.0,,0.0,0.0,sunsetpark
2012,Central Harlem - Morningside Heights,Multiracial,All,1.0,27.8,0.0,0.0,0.0,0.0,,centralharlemmorningsideheights,2020,Manhattan,"Central Harlem -
Morningside Heights",All,White,4.0,13.2,0.0,0.0,3.0,9.9,centralharlemmorningsideheights
2010,Fresh Meadows,Asian/Pacific Islander,All,1.0,3.1,0.0,0.0,0.0,0.0,,freshmeadows,2019,Queens,Fresh Meadows,All,"Asian/Pacific
Islander",3.0,9.6,0.0,0.0,0.0,0.0,freshmeadows
2010,Washington Heights - Inwood,Black,30 - 39,11.0,261.0,1.0,9.1,6.0,142.3,,washingtonheightsinwood,2017,Manhattan,"Washington Heights -
Inwood",Female,Latino/Hispanic,12.0,15.6,3.0,25.0,6.0,7.8,washingtonheightsinwood
2010,Southwest Queens,Asian/Pacific Islander,60+,0.0,0.0,0.0,0.0,0.0,0.0,,southwestqueens,2011,,Southwest Queens,Female,Black,1.0,4.8,1.0,100.0,4.0,19.2,southwestqueens
2012,Greenwich Village - SoHo,Native American,20 - 29,0.0,0.0,0.0,0.0,0.0,0.0,,greenwichvillagesoho,2011,,Greenwich Village - SoHo,Male,Native American,0.0,0.0,0.0,0.0,0.0,0.0,greenwichvillagesoho
2010,Upper Westside,All,All,68.0,31.0,12.0,17.6,53.0,24.1,,upperwestside,2021,Manhattan,Upper West Side,All,All,22.0,11.6,3.0,13.6,13.0,6.9,upperwestside
2010,Southeast Queens,Hispanic,20 - 29,1.0,28.5,0.0,0.0,0.0,0.0,,southeastqueens,2011,,Southeast Queens,Female,Unknown,0.0,0.0,0.0,0.0,0.0,0.0,southeastqueens
2012,Rockaway,Unknown,60+,0.0,,0.0,,0.0,,,rockaway,2020,Queens,Rockaway,Male,All,17.0,35.4,4.0,23.5,10.0,20.8,rockaway
2010,Greenpoint,Multiracial,50 - 59,0.0,0.0,0.0,0.0,0.0,0.0,,greenpoint,2011,,Greenpoint,Female,Unknown,0.0,0.0,0.0,0.0,0.0,0.0,greenpoint
2012,East Flatbush - Flatbush,White,60+,0.0,0.0,0.0,0.0,0.0,0.0,,eastflatbushflatbush,2013,,East Flatbush - Flatbush,Female,Unknown,0.0,0.0,0.0,0.0,0.0,0.0,eastflatbushflatbush
2010,East New York,Multiracial,50 - 59,0.0,0.0,0.0,0.0,0.0,0.0,,eastnewyork,2019,Brooklyn,East New York,All,Latino/Hispanic,16.0,29.3,1.0,6.3,9.0,16.5,eastnewyork
2012,Southeast Queens,Asian/Pacific Islander,20 - 29,0.0,0.0,0.0,0.0,0.0,0.0,,southeastqueens,2010,,Southeast Queens,Female,Unknown,0.0,0.0,0.0,0.0,0.0,0.0,southeastqueens
2011,Upper Westside,White,All,27.0,18.0,2.0,7.4,8.0,5.3,,upperwestside,2011,,Upper Westside,Female,Multiracial,0.0,0.0,0.0,0.0,0.0,0.0,upperwestside
2012,Sunset Park,Hispanic,40 - 49,4.0,53.2,0.0,0.0,0.0,0.0,,sunsetpark,2018,Brooklyn,Sunset Park,All,Other/Unknown,0.0,0.0,0.0,,0.0,0.0,sunsetpark
2013,Coney Island - Sheepshead Bay,Unknown,40 - 49,0.0,,0.0,,0.0,,,coneyislandsheepsheadbay,2020,Brooklyn,"Coney Island -
Sheepshead Bay",All,Other/Unknown,0.0,0.0,0.0,,0.0,0.0,coneyislandsheepsheadbay
2013,Fresh Meadows,Black,50 - 59,0.0,0.0,0.0,0.0,0.0,0.0,,freshmeadows,2019,Queens,Fresh Meadows,Male,Black,1.0,39.1,0.0,0.0,0.0,0.0,freshmeadows
2011,Ridgewood - Forest Hills,Unknown,30 - 39,0.0,,0.0,,0.0,,,ridgewoodforesthills,2013,,Ridgewood - Forest Hills,Male,Asian/Pacific Islander,3.0,15.6,1.0,33.3,1.0,5.2,ridgewoodforesthills
2011,Northeast Bronx,Hispanic,50 - 59,1.0,18.5,0.0,0.0,1.0,18.5,,northeastbronx,2016,Bronx,Northeast Bronx,Male,"Asian/Pacific
Islander",0.0,0.0,0.0,,0.0,0.0,northeastbronx
2012,Upper Westside,Native American,0 - 19,0.0,0.0,0.0,0.0,0.0,0.0,,upperwestside,2019,Manhattan,Upper West Side,Male,Latino/Hispanic,9.0,64.9,2.0,22.2,6.0,43.3,upperwestside
2010,Union Square - Lower Eastside,Multiracial,60+,0.0,0.0,0.0,0.0,0.0,0.0,,unionsquarelowereastside,2020,Manhattan,"Union Square -
Lower East Side",Male,All,18.0,22.8,5.0,27.8,13.0,16.5,unionsquarelowereastside
2013,Southeast Queens,White,40 - 49,0.0,0.0,0.0,0.0,0.0,0.0,,southeastqueens,2020,Queens,Southeast Queens,Male,"Asian/Pacific
Islander",0.0,0.0,0.0,,0.0,0.0,southeastqueens
2016,All,White,"50 -
59",9.0,9.4,3.0,33.3,10.0,10.5,Brooklyn,all,2018,Brooklyn,All,Male,"Asian/Pacific
Islander",22.0,17.1,6.0,27.3,14.0,10.9,all
2011,Jamaica,Multiracial,30 - 39,0.0,0.0,0.0,0.0,0.0,0.0,,jamaica,2013,,Jamaica,Male,White,3.0,28.8,1.0,33.3,2.0,19.2,jamaica
2010,Williamsburg - Bushwick,Multiracial,0 - 19,0.0,0.0,0.0,0.0,0.0,0.0,,williamsburgbushwick,2011,,Williamsburg - Bushwick,Male,Multiracial,0.0,0.0,0.0,0.0,0.0,0.0,williamsburgbushwick
2010,Borough Park,Multiracial,60+,0.0,0.0,0.0,0.0,0.0,0.0,,boroughpark,2017,Brooklyn,Borough Park,Female,Black,0.0,0.0,0.0,,0.0,0.0,boroughpark
2012,Rockaway,Hispanic,50 - 59,2.0,76.2,0.0,0.0,0.0,0.0,,rockaway,2018,Queens,Rockaway,Male,White,1.0,5.8,0.0,0.0,0.0,0.0,rockaway
2013,Upper Eastside,Asian/Pacific Islander,50 - 59,0.0,0.0,0.0,0.0,0.0,0.0,,uppereastside,2020,Manhattan,Upper East Side,All,Latino/Hispanic,2.0,10.2,0.0,0.0,2.0,10.2,uppereastside
2013,Rockaway,Native American,0 - 19,0.0,0.0,0.0,0.0,0.0,0.0,,rockaway,2016,Queens,Rockaway,Male,Other/Unknown,0.0,0.0,0.0,,0.0,0.0,rockaway
2011,Willowbrook,Multiracial,30 - 39,0.0,0.0,0.0,0.0,0.0,0.0,,willowbrook,2019,"Staten
Island",Willowbrook,Male,Latino/Hispanic,1.0,19.3,0.0,0.0,0.0,0.0,willowbrook
2013,West Queens,Native American,40 - 49,0.0,0.0,0.0,0.0,0.0,0.0,,westqueens,2020,Queens,West Queens,All,"Asian/Pacific
Islander",8.0,8.0,3.0,37.5,3.0,3.0,westqueens
2010,East Harlem,Native American,30 - 39,0.0,0.0,0.0,0.0,0.0,0.0,,eastharlem,2013,,East Harlem,Female,Asian/Pacific Islander,0.0,0.0,0.0,0.0,0.0,0.0,eastharlem
2013,South Beach - Tottenville,Unknown,0 - 19,0.0,,0.0,,0.0,,,southbeachtottenville,2019,"Staten
Island","South Beach -
Tottenville",All,White,3.0,2.3,0.0,0.0,0.0,0.0,southbeachtottenville
2013,Upper Eastside,Native American,30 - 39,0.0,0.0,0.0,0.0,0.0,0.0,,uppereastside,2013,,Upper Eastside,Male,All,36.0,35.6,6.0,16.7,13.0,12.9,uppereastside
2010,Lower Manhattan,White,0 - 19,0.0,0.0,0.0,0.0,0.0,0.0,,lowermanhattan,2018,Manhattan,Lower Manhattan,Female,Black,0.0,0.0,0.0,,0.0,0.0,lowermanhattan
2013,Bayside - Little Neck,Native American,20 - 29,0.0,0.0,0.0,0.0,0.0,0.0,,baysidelittleneck,2017,Queens,Bayside - Little Neck,Female,All,1.0,2.5,0.0,0.0,0.0,0.0,baysidelittleneck
2013,Canarsie - Flatlands,Asian/Pacific Islander,All,1.0,13.4,0.0,0.0,1.0,13.4,,canarsieflatlands,2016,Brooklyn,Canarsie - Flatlands,All,All,37.0,20.9,0.0,0.0,16.0,9.0,canarsieflatlands
2011,Fresh Meadows,Unknown,30 - 39,0.0,,0.0,,0.0,,,freshmeadows,2018,Queens,Fresh Meadows,Male,Black,0.0,0.0,0.0,,0.0,0.0,freshmeadows
2012,Southeast Queens,Multiracial,20 - 29,0.0,0.0,0.0,0.0,0.0,0.0,,southeastqueens,2011,,Southeast Queens,All,All,30.0,15.3,10.0,33.3,20.0,10.2,southeastqueens
2010,High Bridge - Morrisania,Asian/Pacific Islander,30 - 39,0.0,0.0,0.0,0.0,0.0,0.0,,highbridgemorrisania,2017,Bronx,"High Bridge -
Morrisania",Male,White,2.0,96.3,0.0,0.0,1.0,48.2,highbridgemorrisania
2012,Stapleton - St. George,Hispanic,60+,0.0,0.0,0.0,0.0,1.0,39.9,,stapletonst.george,2017,"Staten
Island","Stapleton - St.
George",All,"Asian/Pacific
Islander",0.0,0.0,0.0,,0.0,0.0,stapletonst.george
2012,Lower Manhattan,Multiracial,50 - 59,0.0,0.0,0.0,0.0,0.0,0.0,,lowermanhattan,2016,Manhattan,Lower Manhattan,All,"Asian/Pacific
Islander",2.0,15.9,0.0,0.0,0.0,0.0,lowermanhattan
2012,Downtown - Heights - Park Slope,White,50 - 59,2.0,16.9,1.0,50.0,2.0,16.9,,downtownheightsparkslope,2017,Brooklyn,"Downtown - Heights -
Park Slope",All,All,42.0,19.2,5.0,11.9,20.0,9.1,downtownheightsparkslope
2016,All,Other/Unknown,"30 -
39",1.0,45.1,0.0,0.0,0.0,0.0,Bronx,all,2012,,All,All,All,2990.0,35.8,549.0,18.4,2036.0,24.4,all
2010,Ridgewood - Forest Hills,Native American,30 - 39,0.0,0.0,0.0,0.0,0.0,0.0,,ridgewoodforesthills,2018,Queens,"Ridgewood - Forest
Hills",Female,"Asian/Pacific
Islander",0.0,0.0,0.0,,0.0,0.0,ridgewoodforesthills
2012,Ridgewood - Forest Hills,Unknown,20 - 29,0.0,,0.0,,0.0,,,ridgewoodforesthills,2012,,Ridgewood - Forest Hills,Male,White,11.0,17.4,3.0,27.3,4.0,6.3,ridgewoodforesthills
2013,West Queens,Multiracial,60+,0.0,0.0,0.0,0.0,0.0,0.0,,westqueens,2017,Queens,West Queens,Female,White,0.0,0.0,0.0,,0.0,0.0,westqueens
2013,Gramercy Park - Murray Hill,Native American,50 - 59,0.0,0.0,0.0,0.0,0.0,0.0,,gramercyparkmurrayhill,2017,Manhattan,"Gramercy Park -
Murray Hill",Female,All,1.0,1.5,0.0,0.0,0.0,0.0,gramercyparkmurrayhill
2012,Canarsie - Flatlands,Black,0 - 19,3.0,9.3,0.0,0.0,0.0,0.0,,canarsieflatlands,2012,,Canarsie - Flatlands,Female,Asian/Pacific Islander,0.0,0.0,0.0,0.0,0.0,0.0,canarsieflatlands
2012,Coney Island - Sheepshead Bay,Black,40 - 49,2.0,80.6,0.0,0.0,2.0,80.6,,coneyislandsheepsheadbay,2010,,Coney Island - Sheepshead Bay,Male,Hispanic,7.0,40.5,2.0,28.6,5.0,28.9,coneyislandsheepsheadbay
2013,Downtown - Heights - Park Slope,Hispanic,30 - 39,4.0,58.8,0.0,0.0,3.0,44.1,,downtownheightsparkslope,2020,Brooklyn,"Downtown - Heights -
Park Slope",Female,"Asian/Pacific
Islander",0.0,0.0,0.0,,1.0,6.8,downtownheightsparkslope
2012,Willowbrook,Black,20 - 29,0.0,0.0,0.0,0.0,0.0,0.0,,willowbrook,2019,"Staten
Island",Willowbrook,Male,Other/Unknown,0.0,0.0,0.0,,0.0,0.0,willowbrook
2011,Bensonhurst - Bay Ridge,Multiracial,0 - 19,0.0,0.0,0.0,0.0,0.0,0.0,,bensonhurstbayridge,2021,Brooklyn,"Bensonhurst - Bay
Ridge",All,Latino/Hispanic,1.0,3.6,0.0,0.0,1.0,3.6,bensonhurstbayridge
2013,Bedford Stuyvesant - Crown Heights,Native American,All,1.0,112.2,0.0,0.0,1.0,112.2,,bedfordstuyvesantcrownheights,2019,Brooklyn,"Bedford Stuyvesant -
Crown Heights",All,Black,82.0,48.5,7.0,8.5,55.0,32.6,bedfordstuyvesantcrownheights
2012,South Beach - Tottenville,Hispanic,60+,0.0,0.0,0.0,0.0,0.0,0.0,,southbeachtottenville,2016,"Staten
Island","South Beach -
Tottenville",Male,White,6.0,9.2,1.0,16.7,1.0,1.5,southbeachtottenville
2012,Port Richmond,Native American,30 - 39,0.0,0.0,0.0,0.0,0.0,0.0,,portrichmond,2012,,Port Richmond,Female,Hispanic,0.0,0.0,0.0,0.0,0.0,0.0,portrichmond
2012,Sunset Park,Black,30 - 39,1.0,147.4,0.0,0.0,1.0,147.4,,sunsetpark,2021,Brooklyn,Sunset Park,Male,Black,1.0,51.0,0.0,0.0,0.0,0.0,sunsetpark
2011,Canarsie - Flatlands,Unknown,40 - 49,0.0,,0.0,,0.0,,,canarsieflatlands,2018,Brooklyn,Canarsie - Flatlands,All,Other/Unknown,1.0,58.6,0.0,0.0,0.0,0.0,canarsieflatlands
2013,South Beach - Tottenville,Black,50 - 59,0.0,0.0,0.0,0.0,0.0,0.0,,southbeachtottenville,2011,,South Beach - Tottenville,Female,Native American,0.0,0.0,0.0,0.0,0.0,0.0,southbeachtottenville
2016,All,All,60+,116.0,7.0,35.0,30.2,151.0,9.1,All,all,2019,All,All,Female,All,334.0,8.9,69.0,20.7,296.0,7.9,all
2013,Northeast Bronx,Unknown,0 - 19,0.0,,0.0,,0.0,,,northeastbronx,2011,,Northeast Bronx,Female,Black,25.0,38.9,6.0,24.0,17.0,26.5,northeastbronx
2016,All,Other/Unknown,"13 -
19",0.0,0.0,0.0,,0.0,0.0,Bronx,all,2020,Brooklyn,All,All,Other/Unknown,3.0,7.3,0.0,0.0,0.0,0.0,all
2011,Fresh Meadows,Asian/Pacific Islander,30 - 39,0.0,0.0,0.0,0.0,0.0,0.0,,freshmeadows,2016,Queens,Fresh Meadows,All,Other/Unknown,0.0,0.0,0.0,,0.0,0.0,freshmeadows
2011,Port Richmond,Native American,50 - 59,0.0,0.0,0.0,0.0,0.0,0.0,,portrichmond,2011,,Port Richmond,Male,Black,4.0,48.6,1.0,25.0,1.0,12.2,portrichmond
2016,All,"Asian/Pacific
Islander","50 -
59",2.0,27.0,0.0,0.0,1.0,13.5,Bronx,all,2021,All,All,Female,White,20.0,1.7,4.0,20.0,13.0,1.1,all
2013,West Queens,Black,60+,2.0,33.7,0.0,0.0,0.0,0.0,,westqueens,2012,,West Queens,Male,Asian/Pacific Islander,18.0,28.4,6.0,33.3,7.0,11.1,westqueens
2013,Lower Manhattan,Multiracial,All,0.0,0.0,0.0,0.0,0.0,0.0,,lowermanhattan,2018,Manhattan,Lower Manhattan,Female,Black,0.0,0.0,0.0,,0.0,0.0,lowermanhattan
2010,Long Island City - Astoria,Hispanic,All,29.0,49.4,4.0,13.8,16.0,27.3,,longislandcityastoria,2010,,Long Island City - Astoria,Male,White,31.0,60.6,6.0,19.4,15.0,29.3,longislandcityastoria
2013,Bayside - Little Neck,Black,0 - 19,0.0,0.0,0.0,0.0,0.0,0.0,,baysidelittleneck,2012,,Bayside - Little Neck,Female,Multiracial,0.0,0.0,0.0,0.0,0.0,0.0,baysidelittleneck
2016,All,White,"30 -
39",4.0,26.3,0.0,0.0,3.0,19.7,Bronx,all,2020,Brooklyn,All,All,Black,260.0,38.3,57.0,21.9,150.0,22.1,all
2011,Greenpoint,Native American,30 - 39,0.0,0.0,0.0,0.0,0.0,0.0,,greenpoint,2019,Brooklyn,Greenpoint,Male,Latino/Hispanic,5.0,40.2,0.0,0.0,0.0,0.0,greenpoint
2012,High Bridge - Morrisania,White,All,5.0,157.1,0.0,0.0,3.0,94.3,,highbridgemorrisania,2019,Bronx,"High Bridge -
Morrisania",Female,White,0.0,0.0,0.0,,1.0,61.0,highbridgemorrisania
2010,Fordham - Bronx Park,Multiracial,50 - 59,0.0,0.0,0.0,0.0,0.0,0.0,,fordhambronxpark,2020,Bronx,"Fordham - Bronx
Park",All,"Asian/Pacific
Islander",1.0,11.9,0.0,0.0,1.0,11.9,fordhambronxpark
2011,East Harlem,Multiracial,40 - 49,0.0,0.0,0.0,0.0,0.0,0.0,,eastharlem,2019,Manhattan,East Harlem,Female,"Asian/Pacific
Islander",0.0,0.0,0.0,,0.0,0.0,eastharlem
2013,Upper Westside,Multiracial,All,3.0,64.1,1.0,33.3,1.0,21.4,,upperwestside,2020,Manhattan,Upper West Side,Female,All,1.0,0.9,0.0,0.0,2.0,1.8,upperwestside
2012,West Queens,Multiracial,60+,0.0,0.0,0.0,0.0,0.0,0.0,,westqueens,2016,Queens,West Queens,Female,Black,2.0,20.5,0.0,0.0,1.0,10.3,westqueens
2011,Central Harlem - Morningside Heights,White,0 - 19,0.0,0.0,0.0,0.0,0.0,0.0,,centralharlemmorningsideheights,2012,,Central Harlem - Morningside Heights,Female,Asian/Pacific Islander,1.0,24.1,0.0,0.0,0.0,0.0,centralharlemmorningsideheights
2011,Bayside - Little Neck,Hispanic,60+,0.0,0.0,0.0,0.0,0.0,0.0,,baysidelittleneck,2020,Queens,Bayside - Little Neck,All,Other/Unknown,0.0,0.0,0.0,,0.0,0.0,baysidelittleneck
2013,Long Island City - Astoria,White,0 - 19,0.0,0.0,0.0,0.0,0.0,0.0,,longislandcityastoria,2020,Queens,"Long Island City -
Astoria",All,"Asian/Pacific
Islander",6.0,18.4,2.0,33.3,2.0,6.1,longislandcityastoria
2012,Bensonhurst - Bay Ridge,Multiracial,20 - 29,0.0,0.0,0.0,0.0,0.0,0.0,,bensonhurstbayridge,2016,Brooklyn,"Bensonhurst - Bay
Ridge",Male,Latino/Hispanic,1.0,7.1,0.0,0.0,1.0,7.1,bensonhurstbayridge
2010,Greenwich Village - SoHo,Multiracial,50 - 59,0.0,0.0,0.0,0.0,0.0,0.0,,greenwichvillagesoho,2013,,Greenwich Village - SoHo,Male,All,30.0,70.1,7.0,23.3,20.0,46.7,greenwichvillagesoho
2010,Pelham - Throgs Neck,Hispanic,60+,6.0,31.0,4.0,66.7,6.0,31.0,,pelhamthrogsneck,2020,Bronx,"Pelham - Throgs
Neck",Female,Black,6.0,21.1,1.0,16.7,6.0,21.1,pelhamthrogsneck
2012,West Queens,White,50 - 59,1.0,8.9,0.0,0.0,3.0,26.8,,westqueens,2019,Queens,West Queens,All,Latino/Hispanic,80.0,41.8,17.0,21.3,37.0,19.3,westqueens
2010,Bayside - Little Neck,Unknown,50 - 59,0.0,,0.0,,0.0,,,baysidelittleneck,2020,Queens,Bayside - Little Neck,Male,Other/Unknown,0.0,0.0,0.0,,0.0,0.0,baysidelittleneck
2012,Williamsburg - Bushwick,Multiracial,20 - 29,0.0,0.0,0.0,0.0,0.0,0.0,,williamsburgbushwick,2020,Brooklyn,"Williamsburg -
Bushwick",Female,"Asian/Pacific
Islander",0.0,0.0,0.0,,0.0,0.0,williamsburgbushwick
2016,High Bridge - Morrisania,All,60+,4.0,12.5,0.0,0.0,7.0,21.9,Bronx,highbridgemorrisania,2012,,High Bridge - Morrisania,Female,White,2.0,135.0,0.0,0.0,1.0,67.5,highbridgemorrisania
2010,Northeast Bronx,Black,50 - 59,5.0,31.5,3.0,60.0,10.0,63.1,,northeastbronx,2019,Bronx,Northeast Bronx,Female,"Asian/Pacific
Islander",0.0,0.0,0.0,,0.0,0.0,northeastbronx
2010,Bayside - Little Neck,Hispanic,60+,0.0,0.0,0.0,0.0,0.0,0.0,,baysidelittleneck,2018,Queens,Bayside - Little Neck,All,Latino/Hispanic,1.0,11.5,0.0,0.0,0.0,0.0,baysidelittleneck
2010,Ridgewood - Forest Hills,Hispanic,All,17.0,26.2,5.0,29.4,17.0,26.2,,ridgewoodforesthills,2019,Queens,"Ridgewood - Forest
Hills",All,Latino/Hispanic,13.0,21.8,3.0,23.1,7.0,11.8,ridgewoodforesthills
2011,Chelsea - Clinton,Hispanic,50 - 59,0.0,0.0,0.0,0.0,2.0,76.7,,chelseaclinton,2013,,Chelsea - Clinton,Female,Unknown,0.0,0.0,0.0,0.0,0.0,0.0,chelseaclinton
2013,Bedford Stuyvesant - Crown Heights,Hispanic,30 - 39,5.0,77.8,1.0,20.0,4.0,62.2,,bedfordstuyvesantcrownheights,2016,Brooklyn,"Bedford Stuyvesant -
Crown Heights",Female,All,34.0,21.7,9.0,26.5,28.0,17.8,bedfordstuyvesantcrownheights
2011,Sunset Park,Native American,All,0.0,0.0,0.0,0.0,0.0,0.0,,sunsetpark,2021,Brooklyn,Sunset Park,All,White,1.0,5.5,0.0,0.0,0.0,0.0,sunsetpark
2012,West Queens,Unknown,0 - 19,0.0,,0.0,,0.0,,,westqueens,2011,,West Queens,Female,Multiracial,0.0,0.0,0.0,0.0,0.0,0.0,westqueens
2010,Stapleton - St. George,Black,30 - 39,2.0,70.1,2.0,100.0,5.0,175.2,,stapletonst.george,2018,"Staten
Island","Stapleton - St.
George",Male,White,0.0,0.0,0.0,,0.0,0.0,stapletonst.george
2011,Williamsburg - Bushwick,Native American,20 - 29,0.0,0.0,0.0,0.0,0.0,0.0,,williamsburgbushwick,2017,Brooklyn,"Williamsburg -
Bushwick",All,Black,33.0,68.1,6.0,18.2,18.0,37.1,williamsburgbushwick
2012,Rockaway,Asian/Pacific Islander,30 - 39,,,0.0,0.0,0.0,0.0,,rockaway,2021,Queens,Rockaway,Male,White,0.0,0.0,0.0,,0.0,0.0,rockaway
2012,Williamsburg - Bushwick,Black,0 - 19,4.0,23.2,0.0,0.0,2.0,11.6,,williamsburgbushwick,2021,Brooklyn,"Williamsburg -
Bushwick",Male,All,60.0,67.3,11.0,18.3,26.0,29.2,williamsburgbushwick
2012,Rockaway,Black,60+,1.0,14.8,1.0,100.0,3.0,44.5,,rockaway,2020,Queens,Rockaway,Female,All,3.0,5.1,0.0,0.0,1.0,1.7,rockaway
2013,Upper Eastside,Black,60+,0.0,0.0,0.0,0.0,0.0,0.0,,uppereastside,2011,,Upper Eastside,Male,Black,3.0,86.2,2.0,66.7,4.0,114.9,uppereastside
2016,Crotona - Tremont,Other/Unknown,60+,0.0,0.0,0.0,,0.0,0.0,Bronx,crotonatremont,2021,Bronx,Crotona - Tremont,Male,Latino/Hispanic,32.0,61.4,3.0,9.4,25.0,48.0,crotonatremont
2013,Ridgewood - Forest Hills,Asian/Pacific Islander,40 - 49,0.0,0.0,0.0,0.0,0.0,0.0,,ridgewoodforesthills,2020,Queens,"Ridgewood - Forest
Hills",All,Other/Unknown,0.0,0.0,0.0,,0.0,0.0,ridgewoodforesthills
2011,Rockaway,Native American,All,0.0,0.0,0.0,0.0,0.0,0.0,,rockaway,2012,,Rockaway,Male,Unknown,0.0,0.0,0.0,0.0,0.0,0.0,rockaway
2011,Stapleton - St. George,Asian/Pacific Islander,30 - 39,0.0,0.0,0.0,0.0,0.0,0.0,,stapletonst.george,2016,"Staten
Island","Stapleton - St.
George",All,Other/Unknown,0.0,0.0,0.0,,0.0,0.0,stapletonst.george
2013,High Bridge - Morrisania,Black,40 - 49,13.0,129.4,6.0,46.2,12.0,119.5,,highbridgemorrisania,2021,Bronx,"High Bridge -
Morrisania",Female,Other/Unknown,0.0,0.0,0.0,,0.0,0.0,highbridgemorrisania
2011,East Harlem,Black,20 - 29,15.0,289.1,0.0,0.0,9.0,173.4,,eastharlem,2021,Manhattan,East Harlem,Female,Latino/Hispanic,1.0,4.6,0.0,0.0,3.0,13.7,eastharlem
2011,Long Island City - Astoria,Hispanic,30 - 39,5.0,46.3,2.0,40.0,2.0,18.5,,longislandcityastoria,2020,Queens,"Long Island City -
Astoria",Female,Latino/Hispanic,1.0,4.5,0.0,0.0,0.0,0.0,longislandcityastoria
2012,South Beach - Tottenville,Multiracial,40 - 49,0.0,0.0,0.0,0.0,0.0,0.0,,southbeachtottenville,2017,"Staten
Island","South Beach -
Tottenville",Female,Black,0.0,0.0,0.0,,0.0,0.0,southbeachtottenville
2016,All,"Asian/Pacific
Islander","30 -
39",1.0,11.1,1.0,100.0,1.0,11.1,Bronx,all,2018,Manhattan,All,All,All,367.0,25.5,62.0,16.9,205.0,14.2,all
2011,Long Island City - Astoria,Black,All,8.0,59.4,1.0,12.5,6.0,44.5,,longislandcityastoria,2010,,Long Island City - Astoria,Female,Unknown,0.0,0.0,0.0,0.0,0.0,0.0,longislandcityastoria
2013,Stapleton - St. George,Native American,20 - 29,0.0,0.0,0.0,0.0,0.0,0.0,,stapletonst.george,2011,,Stapleton - St. George,Female,White,2.0,6.4,0.0,0.0,0.0,0.0,stapletonst.george
2010,Long Island City - Astoria,Black,30 - 39,2.0,100.3,0.0,0.0,0.0,0.0,,longislandcityastoria,2020,Queens,"Long Island City -
Astoria",Female,White,1.0,2.4,0.0,0.0,0.0,0.0,longislandcityastoria
2011,Williamsburg - Bushwick,Hispanic,30 - 39,9.0,57.7,2.0,22.2,4.0,25.6,,williamsburgbushwick,2019,Brooklyn,"Williamsburg -
Bushwick",All,Black,24.0,50.7,2.0,8.3,15.0,31.7,williamsburgbushwick
2012,Coney Island - Sheepshead Bay,Asian/Pacific Islander,20 - 29,0.0,0.0,0.0,0.0,0.0,0.0,,coneyislandsheepsheadbay,2019,Brooklyn,"Coney Island -
Sheepshead Bay",Female,Other/Unknown,0.0,0.0,0.0,,0.0,0.0,coneyislandsheepsheadbay
2011,Willowbrook,Hispanic,0 - 19,0.0,0.0,0.0,0.0,0.0,0.0,,willowbrook,2012,,Willowbrook,Male,Hispanic,0.0,0.0,0.0,0.0,1.0,17.7,willowbrook
2010,Rockaway,White,50 - 59,0.0,0.0,0.0,0.0,0.0,0.0,,rockaway,2016,Queens,Rockaway,Female,"Asian/Pacific
Islander",0.0,0.0,0.0,,0.0,0.0,rockaway
2013,Bensonhurst - Bay Ridge,Multiracial,40 - 49,0.0,0.0,0.0,0.0,0.0,0.0,,bensonhurstbayridge,2018,Brooklyn,"Bensonhurst - Bay
Ridge",Male,Latino/Hispanic,6.0,43.5,3.0,50.0,6.0,43.5,bensonhurstbayridge
2016,Pelham - Throgs Neck,All,"40 -
49",15.0,39.4,6.0,40.0,14.0,36.8,Bronx,pelhamthrogsneck,2010,,Pelham - Throgs Neck,Male,White,10.0,33.4,3.0,30.0,5.0,16.7,pelhamthrogsneck
2012,West Queens,Asian/Pacific Islander,30 - 39,7.0,31.7,3.0,42.9,4.0,18.1,,westqueens,2013,,West Queens,Female,Black,0.0,0.0,0.0,0.0,4.0,30.3,westqueens
2013,Long Island City - Astoria,Hispanic,30 - 39,7.0,64.0,2.0,28.6,5.0,45.7,,longislandcityastoria,2017,Queens,"Long Island City -
Astoria",Female,Latino/Hispanic,2.0,9.3,1.0,50.0,1.0,4.7,longislandcityastoria
2012,West Queens,Hispanic,0 - 19,3.0,4.4,1.0,33.3,2.0,2.9,,westqueens,2010,,West Queens,Male,Unknown,0.0,0.0,0.0,0.0,0.0,0.0,westqueens
2013,Long Island City - Astoria,Asian/Pacific Islander,All,7.0,18.0,2.0,28.6,2.0,5.2,,longislandcityastoria,2017,Queens,"Long Island City -
Astoria",Male,Latino/Hispanic,23.0,110.9,4.0,17.4,9.0,43.4,longislandcityastoria
2013,East New York,White,0 - 19,0.0,0.0,0.0,0.0,0.0,0.0,,eastnewyork,2020,Brooklyn,East New York,All,White,0.0,0.0,0.0,,0.0,0.0,eastnewyork
2013,Upper Westside,Hispanic,0 - 19,1.0,15.5,0.0,0.0,0.0,0.0,,upperwestside,2010,,Upper Westside,Male,White,26.0,37.7,6.0,23.1,20.0,29.0,upperwestside
2013,Southeast Queens,Native American,20 - 29,0.0,0.0,0.0,0.0,0.0,0.0,,southeastqueens,2018,Queens,Southeast Queens,All,Black,17.0,16.7,4.0,23.5,12.0,11.8,southeastqueens
2016,All,All,"40 -
49",381.0,35.1,110.0,28.9,349.0,32.1,All,all,2017,All,All,Male,"Asian/Pacific
Islander",110.0,22.1,26.0,23.6,58.0,11.7,all
2013,Chelsea - Clinton,Black,30 - 39,4.0,303.3,0.0,0.0,2.0,151.6,,chelseaclinton,2018,Manhattan,Chelsea - Clinton,Female,White,0.0,0.0,0.0,,0.0,0.0,chelseaclinton
2011,Bedford Stuyvesant - Crown Heights,Hispanic,20 - 29,3.0,42.8,0.0,0.0,4.0,57.0,,bedfordstuyvesantcrownheights,2020,Brooklyn,"Bedford Stuyvesant -
Crown Heights",Female,Other/Unknown,1.0,30.4,0.0,0.0,0.0,0.0,bedfordstuyvesantcrownheights
2012,Union Square - Lower Eastside,Asian/Pacific Islander,60+,0.0,0.0,0.0,0.0,0.0,0.0,,unionsquarelowereastside,2011,,Union Square - Lower Eastside,Male,White,40.0,93.8,6.0,15.0,17.0,39.9,unionsquarelowereastside
2010,Long Island City - Astoria,White,All,31.0,30.5,6.0,19.4,15.0,14.8,,longislandcityastoria,2013,,Long Island City - Astoria,Male,Unknown,0.0,0.0,0.0,0.0,0.0,0.0,longislandcityastoria
2010,Port Richmond,White,0 - 19,0.0,0.0,0.0,0.0,0.0,0.0,,portrichmond,2020,"Staten
Island",Port Richmond,Male,White,0.0,0.0,0.0,,0.0,0.0,portrichmond
2013,West Queens,Multiracial,40 - 49,0.0,0.0,0.0,0.0,0.0,0.0,,westqueens,2017,Queens,West Queens,Male,White,8.0,25.7,1.0,12.5,3.0,9.6,westqueens
2010,Rockaway,Hispanic,20 - 29,2.0,51.8,0.0,0.0,1.0,25.9,,rockaway,2020,Queens,Rockaway,All,Black,12.0,29.2,2.0,16.7,7.0,17.0,rockaway
2011,Northeast Bronx,Multiracial,40 - 49,0.0,0.0,0.0,0.0,0.0,0.0,,northeastbronx,2017,Bronx,Northeast Bronx,All,Black,39.0,37.9,8.0,20.5,22.0,21.4,northeastbronx
2011,Ridgewood - Forest Hills,White,30 - 39,4.0,21.2,2.0,50.0,3.0,15.9,,ridgewoodforesthills,2016,Queens,"Ridgewood - Forest
Hills",Male,All,34.0,31.8,4.0,11.8,17.0,15.9,ridgewoodforesthills
2012,Greenwich Village - SoHo,White,20 - 29,4.0,30.0,0.0,0.0,0.0,0.0,,greenwichvillagesoho,2019,Manhattan,"Greenwich Village -
Soho",Female,All,0.0,0.0,0.0,,1.0,2.7,greenwichvillagesoho
2013,East Harlem,Native American,All,0.0,0.0,0.0,0.0,0.0,0.0,,eastharlem,2016,Manhattan,East Harlem,Male,Other/Unknown,1.0,192.4,1.0,100.0,1.0,192.4,eastharlem
2011,Chelsea - Clinton,Black,50 - 59,1.0,72.8,0.0,0.0,3.0,218.3,,chelseaclinton,2017,Manhattan,Chelsea - Clinton,All,Other/Unknown,1.0,35.1,0.0,0.0,0.0,0.0,chelseaclinton
2010,Greenwich Village - SoHo,Unknown,All,0.0,,0.0,,0.0,,,greenwichvillagesoho,2019,Manhattan,"Greenwich Village -
Soho",Female,All,0.0,0.0,0.0,,1.0,2.7,greenwichvillagesoho
2011,Greenpoint,Asian/Pacific Islander,40 - 49,0.0,0.0,0.0,0.0,0.0,0.0,,greenpoint,2012,,Greenpoint,Female,Unknown,0.0,0.0,0.0,0.0,0.0,0.0,greenpoint
2010,Bayside - Little Neck,Asian/Pacific Islander,50 - 59,0.0,0.0,0.0,0.0,0.0,0.0,,baysidelittleneck,2017,Queens,Bayside - Little Neck,Male,Latino/Hispanic,2.0,50.2,1.0,50.0,1.0,25.1,baysidelittleneck
2013,Jamaica,Native American,0 - 19,0.0,0.0,0.0,0.0,0.0,0.0,,jamaica,2020,Queens,Jamaica,Female,White,1.0,11.6,1.0,100.0,2.0,23.2,jamaica
2012,Stapleton - St. George,Black,60+,0.0,0.0,0.0,0.0,3.0,110.0,,stapletonst.george,2021,"Staten
Island","Stapleton - St.
George",Female,"Asian/Pacific
Islander",0.0,0.0,0.0,,0.0,0.0,stapletonst.george
2013,Fordham - Bronx Park,White,20 - 29,0.0,0.0,0.0,0.0,0.0,0.0,,fordhambronxpark,2020,Bronx,"Fordham - Bronx
Park",Male,Other/Unknown,0.0,0.0,0.0,,1.0,76.3,fordhambronxpark
2013,Southwest Queens,Unknown,0 - 19,0.0,,0.0,,0.0,,,southwestqueens,2013,,Southwest Queens,Male,Native American,1.0,72.8,0.0,0.0,0.0,0.0,southwestqueens
2010,Willowbrook,Hispanic,40 - 49,0.0,0.0,0.0,0.0,1.0,59.9,,willowbrook,2021,"Staten
Island",Willowbrook,All,Other/Unknown,0.0,0.0,0.0,,1.0,75.2,willowbrook
2013,Fresh Meadows,Multiracial,All,0.0,0.0,0.0,0.0,0.0,0.0,,freshmeadows,2020,Queens,Fresh Meadows,Male,Other/Unknown,0.0,0.0,0.0,,0.0,0.0,freshmeadows
2010,Lower Manhattan,Unknown,60+,0.0,,0.0,,0.0,,,lowermanhattan,2021,Manhattan,Lower Manhattan,Male,Black,2.0,131.2,1.0,50.0,2.0,131.2,lowermanhattan
2016,High Bridge - Morrisania,All,"40 -
49",21.0,77.9,7.0,33.3,20.0,74.2,Bronx,highbridgemorrisania,2020,Bronx,"High Bridge -
Morrisania",Male,Other/Unknown,0.0,0.0,0.0,,0.0,0.0,highbridgemorrisania
2012,Northeast Bronx,Unknown,0 - 19,0.0,,0.0,,0.0,,,northeastbronx,2016,Bronx,Northeast Bronx,Female,"Asian/Pacific
Islander",0.0,0.0,0.0,,0.0,0.0,northeastbronx
2010,Stapleton - St. George,Asian/Pacific Islander,20 - 29,0.0,0.0,0.0,0.0,0.0,0.0,,stapletonst.george,2010,,Stapleton - St. George,All,All,28.0,22.6,9.0,32.1,27.0,21.8,stapletonst.george
2012,Flushing - Clearview,Black,All,1.0,17.6,0.0,0.0,0.0,0.0,,flushingclearview,2017,Queens,Flushing - Clearview,Male,All,14.0,13.6,3.0,21.4,6.0,5.8,flushingclearview
2011,East Harlem,Multiracial,40 - 49,0.0,0.0,0.0,0.0,0.0,0.0,,eastharlem,2018,Manhattan,East Harlem,Male,Black,13.0,101.3,3.0,23.1,16.0,124.7,eastharlem
2013,Northeast Bronx,Native American,60+,0.0,0.0,0.0,0.0,0.0,0.0,,northeastbronx,2020,Bronx,Northeast Bronx,Male,Latino/Hispanic,10.0,47.4,1.0,10.0,4.0,19.0,northeastbronx
2013,Downtown - Heights - Park Slope,White,0 - 19,0.0,0.0,0.0,0.0,0.0,0.0,,downtownheightsparkslope,2013,,Downtown - Heights - Park Slope,Female,Native American,0.0,0.0,0.0,0.0,0.0,0.0,downtownheightsparkslope
2011,Stapleton - St. George,Asian/Pacific Islander,20 - 29,0.0,0.0,0.0,0.0,0.0,0.0,,stapletonst.george,2018,"Staten
Island","Stapleton - St.
George",Male,Latino/Hispanic,2.0,19.9,0.0,0.0,1.0,9.9,stapletonst.george
2010,West Queens,White,60+,2.0,8.6,1.0,50.0,2.0,8.6,,westqueens,2012,,West Queens,Male,Multiracial,0.0,0.0,0.0,0.0,0.0,0.0,westqueens
2010,Jamaica,Unknown,All,0.0,,0.0,,0.0,,,jamaica,2021,Queens,Jamaica,Female,Latino/Hispanic,2.0,9.0,0.0,0.0,1.0,4.5,jamaica
2012,Gramercy Park - Murray Hill,Native American,40 - 49,0.0,0.0,0.0,0.0,0.0,0.0,,gramercyparkmurrayhill,2011,,Gramercy Park - Murray Hill,Female,Hispanic,0.0,0.0,0.0,0.0,0.0,0.0,gramercyparkmurrayhill
2011,Fresh Meadows,Black,All,3.0,37.7,1.0,33.3,5.0,62.8,,freshmeadows,2020,Queens,Fresh Meadows,Female,White,0.0,0.0,0.0,,0.0,0.0,freshmeadows
2012,Ridgewood - Forest Hills,White,0 - 19,0.0,0.0,0.0,0.0,0.0,0.0,,ridgewoodforesthills,2019,Queens,"Ridgewood - Forest
Hills",All,Other/Unknown,2.0,52.7,0.0,0.0,0.0,0.0,ridgewoodforesthills
2010,High Bridge - Morrisania,Black,All,60.0,83.0,15.0,25.0,67.0,92.7,,highbridgemorrisania,2011,,High Bridge - Morrisania,Male,Asian/Pacific Islander,2.0,147.6,1.0,50.0,1.0,73.8,highbridgemorrisania
2011,Borough Park,Multiracial,30 - 39,0.0,0.0,0.0,0.0,0.0,0.0,,boroughpark,2018,Brooklyn,Borough Park,Female,"Asian/Pacific
Islander",0.0,0.0,0.0,,0.0,0.0,boroughpark
2010,Southeast Queens,Black,40 - 49,7.0,41.5,4.0,57.1,7.0,41.5,,southeastqueens,2019,Queens,Southeast Queens,Female,Black,14.0,25.4,2.0,14.3,1.0,1.8,southeastqueens
2011,Upper Westside,Multiracial,40 - 49,0.0,0.0,0.0,0.0,0.0,0.0,,upperwestside,2019,Manhattan,Upper West Side,All,"Asian/Pacific
Islander",3.0,14.8,2.0,66.7,3.0,14.8,upperwestside
2011,Fordham - Bronx Park,Black,40 - 49,8.0,82.4,2.0,25.0,16.0,164.7,,fordhambronxpark,2017,Bronx,"Fordham - Bronx
Park",All,"Asian/Pacific
Islander",1.0,10.8,0.0,0.0,1.0,10.8,fordhambronxpark
2011,East Harlem,Unknown,60+,0.0,,0.0,,0.0,,,eastharlem,2016,Manhattan,East Harlem,Female,Latino/Hispanic,3.0,13.1,1.0,33.3,2.0,8.8,eastharlem
2010,Downtown - Heights - Park Slope,Unknown,0 - 19,0.0,,0.0,,0.0,,,downtownheightsparkslope,2016,Brooklyn,"Downtown - Heights -
Park Slope",Male,White,8.0,13.0,1.0,12.5,3.0,4.9,downtownheightsparkslope
2010,Bedford Stuyvesant - Crown Heights,White,20 - 29,4.0,35.2,2.0,50.0,5.0,44.0,,bedfordstuyvesantcrownheights,2020,Brooklyn,"Bedford Stuyvesant -
Crown Heights",Male,"Asian/Pacific
Islander",0.0,0.0,0.0,,0.0,0.0,bedfordstuyvesantcrownheights
2016,All,Latino/Hispanic,"20 -
29",302.0,72.8,23.0,7.6,97.0,23.4,All,all,2017,All,All,All,All,2073.0,29.1,355.0,17.1,1280.0,17.9,all
2011,Lower Manhattan,White,60+,0.0,0.0,0.0,0.0,0.0,0.0,,lowermanhattan,2018,Manhattan,Lower Manhattan,Male,White,3.0,17.2,0.0,0.0,1.0,5.7,lowermanhattan
2012,Coney Island - Sheepshead Bay,Multiracial,20 - 29,0.0,0.0,0.0,0.0,0.0,0.0,,coneyislandsheepsheadbay,2012,,Coney Island - Sheepshead Bay,Male,Multiracial,0.0,0.0,0.0,0.0,0.0,0.0,coneyislandsheepsheadbay
2011,Northeast Bronx,Black,50 - 59,8.0,49.1,2.0,25.0,6.0,36.9,,northeastbronx,2021,Bronx,Northeast Bronx,All,White,1.0,6.8,0.0,0.0,0.0,0.0,northeastbronx
2010,West Queens,White,50 - 59,3.0,26.2,1.0,33.3,4.0,34.9,,westqueens,2020,Queens,West Queens,All,Latino/Hispanic,54.0,28.5,13.0,24.1,24.0,12.7,westqueens
2011,Williamsburg - Bushwick,Asian/Pacific Islander,0 - 19,0.0,0.0,0.0,0.0,0.0,0.0,,williamsburgbushwick,2013,,Williamsburg - Bushwick,Female,Hispanic,3.0,5.7,0.0,0.0,5.0,9.5,williamsburgbushwick
2011,Upper Westside,White,0 - 19,1.0,4.4,0.0,0.0,0.0,0.0,,upperwestside,2021,Manhattan,Upper West Side,Male,All,20.0,23.2,2.0,10.0,9.0,10.4,upperwestside
2010,Long Island City - Astoria,White,All,31.0,30.5,6.0,19.4,15.0,14.8,,longislandcityastoria,2017,Queens,"Long Island City -
Astoria",All,Latino/Hispanic,25.0,59.3,5.0,20.0,10.0,23.7,longislandcityastoria
2011,Flushing - Clearview,Hispanic,50 - 59,1.0,18.4,0.0,0.0,0.0,0.0,,flushingclearview,2021,Queens,Flushing - Clearview,Female,White,0.0,0.0,0.0,,0.0,0.0,flushingclearview
2012,Bensonhurst - Bay Ridge,Black,All,2.0,84.0,0.0,0.0,2.0,84.0,,bensonhurstbayridge,2018,Brooklyn,"Bensonhurst - Bay
Ridge",Female,"Asian/Pacific
Islander",0.0,0.0,0.0,,0.0,0.0,bensonhurstbayridge
2012,East Flatbush - Flatbush,Black,50 - 59,19.0,58.5,5.0,26.3,15.0,46.2,,eastflatbushflatbush,2020,Brooklyn,"East Flatbush -
Flatbush",Male,Latino/Hispanic,8.0,64.4,2.0,25.0,7.0,56.3,eastflatbushflatbush
2012,West Queens,Black,40 - 49,3.0,61.7,1.0,33.3,5.0,102.9,,westqueens,2020,Queens,West Queens,Male,Other/Unknown,0.0,0.0,0.0,,0.0,0.0,westqueens
2010,High Bridge - Morrisania,Unknown,60+,0.0,,0.0,,0.0,,,highbridgemorrisania,2020,Bronx,"High Bridge -
Morrisania",Male,White,4.0,173.7,2.0,50.0,3.0,130.3,highbridgemorrisania
2011,Washington Heights - Inwood,Asian/Pacific Islander,40 - 49,0.0,0.0,0.0,0.0,0.0,0.0,,washingtonheightsinwood,2018,Manhattan,"Washington Heights -
Inwood",Male,"Asian/Pacific
Islander",2.0,52.0,0.0,0.0,0.0,0.0,washingtonheightsinwood
2016,All,White,"50 -
59",3.0,16.7,0.0,0.0,3.0,16.7,Bronx,all,2020,Brooklyn,All,Female,Other/Unknown,2.0,9.5,0.0,0.0,0.0,0.0,all
2011,Fordham - Bronx Park,Native American,60+,0.0,0.0,0.0,0.0,0.0,0.0,,fordhambronxpark,2016,Bronx,"Fordham - Bronx
Park",All,Other/Unknown,0.0,0.0,0.0,,0.0,0.0,fordhambronxpark
2010,Greenpoint,Asian/Pacific Islander,All,1.0,18.6,1.0,100.0,1.0,18.6,,greenpoint,2019,Brooklyn,Greenpoint,All,Latino/Hispanic,5.0,18.9,0.0,0.0,0.0,0.0,greenpoint
2011,Northeast Bronx,Asian/Pacific Islander,40 - 49,0.0,0.0,0.0,0.0,1.0,106.2,,northeastbronx,2021,Bronx,Northeast Bronx,All,All,53.0,30.2,9.0,17.0,30.0,17.1,northeastbronx
2011,Ridgewood - Forest Hills,Black,50 - 59,2.0,314.0,0.0,0.0,0.0,0.0,,ridgewoodforesthills,2019,Queens,"Ridgewood - Forest
Hills",All,White,3.0,2.7,0.0,0.0,1.0,0.9,ridgewoodforesthills
2011,Bayside - Little Neck,Native American,40 - 49,0.0,0.0,0.0,0.0,0.0,0.0,,baysidelittleneck,2021,Queens,Bayside - Little Neck,Female,All,0.0,0.0,0.0,,0.0,0.0,baysidelittleneck
2010,Pelham - Throgs Neck,Native American,60+,0.0,0.0,0.0,0.0,0.0,0.0,,pelhamthrogsneck,2021,Bronx,"Pelham - Throgs
Neck",Male,"Asian/Pacific
Islander",2.0,18.1,1.0,50.0,1.0,9.1,pelhamthrogsneck
2016,All,Other/Unknown,60+,0.0,0.0,0.0,,0.0,0.0,Bronx,all,2021,Queens,All,All,White,21.0,4.1,3.0,14.3,13.0,2.6,all
2011,Willowbrook,Unknown,30 - 39,0.0,,0.0,,0.0,,,willowbrook,2016,"Staten
Island",Willowbrook,All,White,0.0,0.0,0.0,,0.0,0.0,willowbrook
2013,Chelsea - Clinton,Black,20 - 29,9.0,652.0,1.0,11.1,4.0,289.8,,chelseaclinton,2019,Manhattan,Chelsea - Clinton,Male,White,11.0,22.5,1.0,9.1,5.0,10.2,chelseaclinton
2010,Chelsea - Clinton,Multiracial,30 - 39,0.0,0.0,0.0,0.0,0.0,0.0,,chelseaclinton,2019,Manhattan,Chelsea - Clinton,All,White,12.0,13.1,1.0,8.3,5.0,5.5,chelseaclinton
2010,Borough Park,Black,20 - 29,3.0,128.8,0.0,0.0,2.0,85.9,,boroughpark,2012,,Borough Park,Male,Multiracial,0.0,0.0,0.0,0.0,0.0,0.0,boroughpark
2012,Kingsbridge - Riverdale,Multiracial,60+,0.0,0.0,0.0,0.0,0.0,0.0,,kingsbridgeriverdale,2010,,Kingsbridge - Riverdale,Male,Native American,0.0,0.0,0.0,0.0,0.0,0.0,kingsbridgeriverdale
2010,Bensonhurst - Bay Ridge,Hispanic,50 - 59,0.0,0.0,0.0,0.0,0.0,0.0,,bensonhurstbayridge,2017,Brooklyn,"Bensonhurst - Bay
Ridge",Female,All,2.0,2.2,1.0,50.0,2.0,2.2,bensonhurstbayridge
2011,Canarsie - Flatlands,Multiracial,20 - 29,0.0,0.0,0.0,0.0,0.0,0.0,,canarsieflatlands,2020,Brooklyn,Canarsie - Flatlands,All,"Asian/Pacific
Islander",0.0,0.0,0.0,,0.0,0.0,canarsieflatlands
2011,South Beach - Tottenville,Hispanic,50 - 59,0.0,0.0,0.0,0.0,0.0,0.0,,southbeachtottenville,2017,"Staten
Island","South Beach -
Tottenville",All,All,4.0,2.4,0.0,0.0,3.0,1.8,southbeachtottenville
2013,Upper Eastside,White,60+,0.0,0.0,0.0,0.0,1.0,2.1,,uppereastside,2020,Manhattan,Upper East Side,Male,Latino/Hispanic,1.0,11.5,0.0,0.0,2.0,23.0,uppereastside
2012,Fordham - Bronx Park,Hispanic,0 - 19,5.0,9.8,0.0,0.0,1.0,2.0,,fordhambronxpark,2013,,Fordham - Bronx Park,Female,All,40.0,29.4,9.0,22.5,27.0,19.8,fordhambronxpark
2011,Sunset Park,Multiracial,20 - 29,0.0,0.0,0.0,0.0,0.0,0.0,,sunsetpark,2011,,Sunset Park,Female,Native American,0.0,0.0,0.0,0.0,0.0,0.0,sunsetpark
2012,Lower Manhattan,Hispanic,40 - 49,2.0,301.8,0.0,0.0,1.0,150.9,,lowermanhattan,2017,Manhattan,Lower Manhattan,All,All,12.0,21.4,1.0,8.3,3.0,5.3,lowermanhattan
2013,Upper Eastside,Unknown,20 - 29,0.0,,0.0,,0.0,,,uppereastside,2019,Manhattan,Upper East Side,Male,All,8.0,9.7,4.0,50.0,12.0,14.5,uppereastside
2011,South Beach - Tottenville,White,40 - 49,3.0,12.1,2.0,66.7,2.0,8.0,,southbeachtottenville,2010,,South Beach - Tottenville,Female,White,1.0,1.2,0.0,0.0,2.0,2.4,southbeachtottenville
2013,East Harlem,Hispanic,20 - 29,11.0,108.0,2.0,18.2,2.0,19.6,,eastharlem,2020,Manhattan,East Harlem,Female,"Asian/Pacific
Islander",0.0,0.0,0.0,,0.0,0.0,eastharlem
2010,Fresh Meadows,Native American,0 - 19,0.0,0.0,0.0,0.0,0.0,0.0,,freshmeadows,2020,Queens,Fresh Meadows,Female,All,0.0,0.0,0.0,,0.0,0.0,freshmeadows
2012,Stapleton - St. George,White,20 - 29,0.0,0.0,0.0,0.0,0.0,0.0,,stapletonst.george,2020,"Staten
Island","Stapleton - St.
George",All,"Asian/Pacific
Islander",0.0,0.0,0.0,,0.0,0.0,stapletonst.george
2011,Port Richmond,Multiracial,0 - 19,0.0,0.0,0.0,0.0,0.0,0.0,,portrichmond,2016,"Staten
Island",Port Richmond,All,Other/Unknown,1.0,151.1,0.0,0.0,0.0,0.0,portrichmond
2012,Long Island City - Astoria,Unknown,40 - 49,0.0,,0.0,,0.0,,,longislandcityastoria,2011,,Long Island City - Astoria,Female,White,0.0,0.0,0.0,0.0,0.0,0.0,longislandcityastoria
2010,Upper Westside,White,0 - 19,0.0,0.0,0.0,0.0,0.0,0.0,,upperwestside,2016,Manhattan,Upper West Side,Male,White,15.0,25.6,2.0,13.3,7.0,11.9,upperwestside
2016,High Bridge - Morrisania,Black,"40 -
49",9.0,101.8,5.0,55.6,12.0,135.8,Bronx,highbridgemorrisania,2017,Bronx,"High Bridge -
Morrisania",Male,All,49.0,61.4,11.0,22.4,50.0,62.6,highbridgemorrisania
2012,Greenwich Village - SoHo,Unknown,50 - 59,0.0,,0.0,,0.0,,,greenwichvillagesoho,2012,,Greenwich Village - SoHo,Female,White,1.0,3.4,0.0,0.0,0.0,0.0,greenwichvillagesoho
2012,West Queens,White,60+,0.0,0.0,0.0,0.0,0.0,0.0,,westqueens,2017,Queens,West Queens,All,All,120.0,31.3,27.0,22.5,55.0,14.4,westqueens
2013,Williamsburg - Bushwick,Asian/Pacific Islander,All,2.0,18.8,0.0,0.0,0.0,0.0,,williamsburgbushwick,2020,Brooklyn,"Williamsburg -
Bushwick",Female,All,10.0,10.3,5.0,50.0,10.0,10.3,williamsburgbushwick
2012,Upper Eastside,Unknown,All,0.0,,0.0,,0.0,,,uppereastside,2020,Manhattan,Upper East Side,All,Other/Unknown,1.0,29.1,1.0,100.0,1.0,29.1,uppereastside
2016,Hunts Point - Mott Haven,"Asian/Pacific
Islander","50 -
59",,,0.0,0.0,0.0,0.0,Bronx,huntspointmotthaven,2010,,Hunts Point - Mott Haven,Male,All,60.0,92.3,10.0,16.7,55.0,84.6,huntspointmotthaven
2010,Rockaway,Multiracial,20 - 29,0.0,0.0,0.0,0.0,0.0,0.0,,rockaway,2017,Queens,Rockaway,Male,White,3.0,17.0,0.0,0.0,1.0,5.7,rockaway
2010,West Queens,Black,20 - 29,12.0,224.2,1.0,8.3,8.0,149.4,,westqueens,2012,,West Queens,Male,Unknown,0.0,0.0,0.0,0.0,0.0,0.0,westqueens
2012,Williamsburg - Bushwick,Multiracial,30 - 39,0.0,0.0,0.0,0.0,0.0,0.0,,williamsburgbushwick,2021,Brooklyn,"Williamsburg -
Bushwick",Male,Latino/Hispanic,19.0,52.6,6.0,31.6,13.0,36.0,williamsburgbushwick
2013,Coney Island - Sheepshead Bay,Black,40 - 49,4.0,165.4,1.0,25.0,1.0,41.3,,coneyislandsheepsheadbay,2021,Brooklyn,"Coney Island -
Sheepshead Bay",Male,White,8.0,11.1,3.0,37.5,5.0,6.9,coneyislandsheepsheadbay
2010,Fordham - Bronx Park,Hispanic,50 - 59,6.0,39.3,2.0,33.3,13.0,85.1,,fordhambronxpark,2020,Bronx,"Fordham - Bronx
Park",All,White,3.0,19.5,2.0,66.7,3.0,19.5,fordhambronxpark
2011,Unknown,Multiracial,60+,0.0,,0.0,,0.0,,,unknown,2013,,Unknown,Female,All,32.0,,2.0,,42.0,,unknown
2016,Kingsbridge - Riverdale,Black,"30 -
39",3.0,211.0,1.0,33.3,1.0,70.3,Bronx,kingsbridgeriverdale,2013,,Kingsbridge - Riverdale,Male,White,3.0,17.1,1.0,33.3,1.0,5.7,kingsbridgeriverdale
2013,Williamsburg - Bushwick,Hispanic,60+,2.0,15.1,1.0,50.0,3.0,22.7,,williamsburgbushwick,2021,Brooklyn,"Williamsburg -
Bushwick",All,"Asian/Pacific
Islander",3.0,25.8,0.0,0.0,0.0,0.0,williamsburgbushwick
2012,Chelsea - Clinton,Black,All,27.0,331.7,7.0,25.9,19.0,233.4,,chelseaclinton,2021,Manhattan,Chelsea - Clinton,All,Other/Unknown,1.0,31.0,0.0,0.0,0.0,0.0,chelseaclinton
2013,West Queens,Asian/Pacific Islander,40 - 49,3.0,15.1,2.0,66.7,2.0,10.0,,westqueens,2019,Queens,West Queens,Male,Black,5.0,43.1,1.0,20.0,4.0,34.5,westqueens
2011,Rockaway,Multiracial,All,0.0,0.0,0.0,0.0,0.0,0.0,,rockaway,2021,Queens,Rockaway,Female,Other/Unknown,0.0,0.0,0.0,,0.0,0.0,rockaway
2012,East Harlem,Asian/Pacific Islander,40 - 49,0.0,0.0,0.0,0.0,0.0,0.0,,eastharlem,2021,Manhattan,East Harlem,Female,Black,4.0,25.6,1.0,25.0,5.0,31.9,eastharlem
2010,Stapleton - St. George,Hispanic,20 - 29,0.0,0.0,0.0,0.0,0.0,0.0,,stapletonst.george,2018,"Staten
Island","Stapleton - St.
George",Male,White,0.0,0.0,0.0,,0.0,0.0,stapletonst.george
2010,Washington Heights - Inwood,Hispanic,60+,1.0,3.6,0.0,0.0,3.0,10.9,,washingtonheightsinwood,2012,,Washington Heights - Inwood,Female,Hispanic,12.0,13.4,1.0,8.3,8.0,8.9,washingtonheightsinwood
2013,Long Island City - Astoria,Hispanic,30 - 39,7.0,64.0,2.0,28.6,5.0,45.7,,longislandcityastoria,2020,Queens,"Long Island City -
Astoria",All,Other/Unknown,0.0,0.0,0.0,,1.0,21.7,longislandcityastoria
2010,Sunset Park,White,50 - 59,0.0,0.0,0.0,0.0,0.0,0.0,,sunsetpark,2013,,Sunset Park,All,All,17.0,12.7,2.0,11.8,12.0,8.9,sunsetpark
2012,Kingsbridge - Riverdale,White,All,2.0,5.2,1.0,50.0,1.0,2.6,,kingsbridgeriverdale,2020,Bronx,"Kingsbridge -
Riverdale",All,Other/Unknown,0.0,0.0,0.0,,0.0,0.0,kingsbridgeriverdale
2013,Southeast Queens,Black,40 - 49,5.0,31.3,4.0,80.0,9.0,56.3,,southeastqueens,2010,,Southeast Queens,Male,Asian/Pacific Islander,0.0,0.0,0.0,0.0,0.0,0.0,southeastqueens
2012,Downtown - Heights - Park Slope,White,40 - 49,2.0,10.8,0.0,0.0,1.0,5.4,,downtownheightsparkslope,2021,Brooklyn,"Downtown - Heights -
Park Slope",Female,"Asian/Pacific
Islander",0.0,0.0,0.0,,0.0,0.0,downtownheightsparkslope
2010,Unknown,Multiracial,30 - 39,0.0,,0.0,,0.0,,,unknown,2011,,Unknown,Male,Black,102.0,,9.0,,74.0,,unknown
2011,Flushing - Clearview,Asian/Pacific Islander,30 - 39,0.0,0.0,0.0,0.0,0.0,0.0,,flushingclearview,2021,Queens,Flushing - Clearview,Male,All,12.0,11.1,3.0,25.0,9.0,8.4,flushingclearview
2011,Greenwich Village - SoHo,Native American,0 - 19,0.0,0.0,0.0,0.0,0.0,0.0,,greenwichvillagesoho,2012,,Greenwich Village - SoHo,Male,Black,3.0,199.7,0.0,0.0,6.0,399.4,greenwichvillagesoho
2010,East Flatbush - Flatbush,All,All,171.0,57.2,48.0,28.1,144.0,48.1,,eastflatbushflatbush,2019,Brooklyn,"East Flatbush -
Flatbush",Female,"Asian/Pacific
Islander",0.0,0.0,0.0,,0.0,0.0,eastflatbushflatbush
2012,Flushing - Clearview,Black,0 - 19,0.0,0.0,0.0,0.0,0.0,0.0,,flushingclearview,2018,Queens,Flushing - Clearview,Female,"Asian/Pacific
Islander",1.0,1.6,0.0,0.0,0.0,0.0,flushingclearview
2010,Sunset Park,Multiracial,40 - 49,0.0,0.0,0.0,0.0,0.0,0.0,,sunsetpark,2010,,Sunset Park,Male,All,24.0,36.0,5.0,20.8,21.0,31.5,sunsetpark
2010,Rockaway,Hispanic,30 - 39,1.0,26.9,1.0,100.0,4.0,107.8,,rockaway,2013,,Rockaway,Male,Multiracial,0.0,0.0,0.0,0.0,0.0,0.0,rockaway
2012,West Queens,Multiracial,50 - 59,0.0,0.0,0.0,0.0,0.0,0.0,,westqueens,2012,,West Queens,All,All,142.0,28.5,29.0,20.4,91.0,18.2,westqueens
2010,Ridgewood - Forest Hills,Native American,50 - 59,0.0,0.0,0.0,0.0,0.0,0.0,,ridgewoodforesthills,2016,Queens,"Ridgewood - Forest
Hills",Male,Latino/Hispanic,22.0,76.9,2.0,9.1,8.0,28.0,ridgewoodforesthills
2012,Bensonhurst - Bay Ridge,Asian/Pacific Islander,30 - 39,2.0,23.8,0.0,0.0,0.0,0.0,,bensonhurstbayridge,2011,,Bensonhurst - Bay Ridge,Female,All,1.0,0.9,0.0,0.0,1.0,0.9,bensonhurstbayridge
2013,Pelham - Throgs Neck,White,20 - 29,0.0,0.0,0.0,0.0,0.0,0.0,,pelhamthrogsneck,2010,,Pelham - Throgs Neck,Female,Native American,0.0,0.0,0.0,0.0,0.0,0.0,pelhamthrogsneck
2011,High Bridge - Morrisania,White,50 - 59,0.0,0.0,0.0,0.0,,,,highbridgemorrisania,2016,Bronx,"High Bridge -
Morrisania",Male,"Asian/Pacific
Islander",0.0,0.0,0.0,,0.0,0.0,highbridgemorrisania
2013,Kingsbridge - Riverdale,Unknown,20 - 29,0.0,,0.0,,0.0,,,kingsbridgeriverdale,2010,,Kingsbridge - Riverdale,Male,Hispanic,6.0,37.0,2.0,33.3,6.0,37.0,kingsbridgeriverdale
